id;tipo;gravidade;disciplinas;descricao;pranchas;x;y;z;ids
DIV-001;Projeto ausente;Alta;HID SAN DRE;O projeto hidrossanitário predial (arquivo 'hidráulica.zip', 21 MB) não pôde ser obtido: o conector do Drive limita downloads a 10 MB. Redes de distribuição de AF/AQ, ramais e coletores de esgoto, ventilação, pluvial, colunas, caixas e isométricos NÃO estão modelados. Todos os trechos terminam em 'limite' (distribuição sobre o forro / coletor sob o piso).;hidráulica.zip (não disponível);8,887;9,842;-2,87;
DIV-002;Escala;Média;ARQ HID SAN;O carimbo indica escala 1:50, mas o PDF está plotado fora de escala: medido 1:96 (5 medidas internas de câmaras do memorial conferem a ±0,3%). Medir na folha impressa com escalímetro de 1:50 dá erro de ~48%.;TOM001-COZ-PJ-E-R-006-R001;1,263;2,657;-3,07;
DIV-003;Nomenclatura;Média;HID;"Pontos com símbolo de ÁGUA QUENTE rotulados como 'AF 3/4"" H=2,75m SAI AQUECEDOR' (saída de aquecedor de passagem). Modelados como água quente; confirmar com o projetista.";TOM001-COZ-PJ-E-R-006-R001;-3,994;11,049;-0,12;HID-SS-LAVL-011 HID-SS-LAVP-002 HID-SS-PCAR-003
DIV-004;Elemento não desenhado;Alta;SAN;Esgoto indireto das lavadoras 'descarrega sobre canaleta AQ@93°C', mas nenhuma canaleta está desenhada (o símbolo 'canaleta c/ grelha 31,5x... e ralo seco' consta só na legenda, com a dimensão truncada).;TOM001-COZ-PJ-E-R-006-R001;-1,08;10,947;-2,72;SAN-SS-LAVL-009 SAN-SS-LAVL-010 SAN-SS-LAVL-015 SAN-SS-LAVL-016
DIV-005;Especificação;Alta;SAN;"Ralos e esgotos que recebem água a 85–93 °C (texto da prancha). O material do ramal não está especificado nesta prancha; confirmar no projeto hidrossanitário um material compatível com essa temperatura antes de executar.";TOM001-COZ-PJ-E-R-006-R001;19,393;14,103;-2,87;SAN-SS-COZ-001 SAN-SS-COZ-002 SAN-SS-COZ-003 SAN-SS-LAVL-009 SAN-SS-LAVL-010 SAN-SS-REF-003 SAN-SS-COZ-010 SAN-SS-LAVL-015 SAN-SS-LAVL-016
DIV-006;Destino não indicado;Média;DRE;"Drenos 1"" PVC das câmaras (H=1,80 m) sem caixa de destino indicada. Modelados até o ralo sifonado mais próximo da galeria técnica (INFERIDO).";TOM001-COZ-PJ-E-R-006-R001;1,852;0,281;-1,27;DRE-SS-CSP1-001 DRE-SS-CSP2-001 DRE-SS-CRES-001 DRE-SS-CHF-001 DRE-SS-CCON-001
DIV-007;Ralo em ambiente seco;Baixa;SAN ARQ;"Ralos no Refeitório (ambiente seco). Os dos balcões de distribuição (itens 44/45) se justificam pelo banho-maria; confirmar o ralo seco junto à bancada de duas cubas.";TOM001-COZ-PJ-E-R-006-R001;-4,693;11,562;-2,87;SAN-SS-REF-002 SAN-SS-REF-003 SAN-SS-REF-004 SAN-SS-REF-005
DIV-008;Níveis não cotados;Média;ARQ HID MEC;Forro e fundo de laje não estão cotados nas plantas. O fluxograma de exaustão dá o térreo a +1,50 (o relatório PA-COZINHA-003 usa 4,39 m de pé-direito, isto é, +1,52). Adotados: fundo de laje +1.25 (laje de 0.25 m), topo das paredes no fundo da laje e distribuição de água a 2,85 m do piso (INFERIDO). PA dos ambientes da cozinha sem marca própria: adotado −2,87.;TOM001-COZ-PJ-E-R-006-R001 | TDM001-ARC-PJ-E-R-012 (fluxogramas);8,887;9,842;-0,020000000000000018;
DIV-009;Trecho removido;Alta;MEC;O ramal de exaustão da lavadora de louças (EC-30x40 e captor) está marcado no as-built como 'removido / refazer'. Modelado como PENDENTE: não há duto instalado entre a coifa da lavadora e o coletor do corredor norte.;PLANTA BAIXA SUBSOLO COZINHA DUTOS EXAUSTÃO — AS BUILT PARA ADEQUAÇÕES (Kaptek, 27/08/2026, 1:35);-0,57;10,375;0,4;D-EXA-SS-001 D-EXA-SS-002 D-EXA-SS-022
DIV-010;Shaft não desenhado;Média;MEC;"As prumadas sobem da cozinha (subsolo) até a laje técnica (+8,36) e daí à cobertura (+20,93), mas o traçado do shaft entre lajes não está em nenhuma planta disponível; a planta parcial da laje técnica (Anexo E) não tem referência comum para registro. Prumadas, ventiladores e descargas foram modelados na vertical das caixas do subsolo (INFERIDO).";TDM001-ARC-PJ-E-R-012 (fluxogramas) | Anexo E — laje técnica (1:25);;;;D-EXA-SH-001 D-EXA-DS-001 D-EXA-SH-002 D-EXA-DS-002 D-EXA-SH-003 D-EXA-DS-003
DIV-011;Exaustor não identificado;Média;MEC;O duto E-85x50 (exaustão geral, ligado às grelhas do Gelo e ao corredor) sobe em prumada própria, mas o exaustor correspondente não aparece no fluxograma da cozinha.;PLANTA BAIXA SUBSOLO COZINHA DUTOS EXAUSTÃO — AS BUILT PARA ADEQUAÇÕES (Kaptek, 27/08/2026, 1:35) | TDM001-ARC-PJ-E-R-012 (fluxogramas);17,5;8,867;0,35;D-EXG-SS-001 D-EXG-SS-002 D-EXG-SS-003 D-EXG-SS-004 D-EXG-SS-005
DIV-012;Seção;Baixa;MEC;"Coletor da coifa C: largura medida 0,50 m no as-built, rótulo 'EC-60x50' junto à descida de 0,60 m. Adotado 0,50 (largura) × 0,60 (altura); confirmar em campo.";PLANTA BAIXA SUBSOLO COZINHA DUTOS EXAUSTÃO — AS BUILT PARA ADEQUAÇÕES (Kaptek, 27/08/2026, 1:35);12,012;13,901;0,3;D-EXA-SS-009
DIV-013;Velocidade no duto;Alta;MEC;"Relatório PA-COZINHA-003 (seção 5.4): a prumada de sucção da Exaustão 2 (E-60x50) fica acima do limite de 12,5 m/s com a vazão de projeto da adequação (13,28 m/s pelo Método I; 17,15 m/s pelo Método II). A prumada modelada é a existente.";PA-COZINHA-003/2026 rev. 02;15,042;9,691;0,35;D-EXA-SS-013
DIV-014;Coifa (posição e tamanho);Média;MEC ARQ;Coifas posicionadas com as dimensões da prancha de 2006 sobre os equipamentos. O as-built da Fase 2 (Anexo C) cota a coifa C com 8,30 m (2006: 6,65 m) e o relatório prevê ajustes de profundidade e de altura (coifa da lavadora a 0,50 m do equipamento). Conferir antes de fabricar.;TOM001-COZ-PJ-E-R-006-R001 | Anexo C — layout as-built (1:45) | PA-COZINHA-003/2026 rev. 02;12,615;13,674;-0,27;COIFA-A COIFA-C COIFA-B COIFA-D COIFA-E1 COIFA-E2
DIV-015;Camadas de duto;Média;MEC;Altura dos dutos não cotada. Adotado: ar exterior e insuflamento com topo a +1.20 (sob a laje), exaustão com topo a +0.60 (o desenho interrompe a exaustão onde cruza os outros dutos, isto é, ela passa por baixo). Confirmar com levantamento.;PLANTA BAIXA SUBSOLO COZINHA DUTOS EXAUSTÃO — AS BUILT PARA ADEQUAÇÕES (Kaptek, 27/08/2026, 1:35);;;;
DIV-016;Esquadrias;Baixa;ARQ;"Não há quadro de esquadrias e as etiquetas dos vãos (PA…, JA…) são texto vetorizado não legível por máquina. Portas modeladas pelo vão, com verga a 2,10 m (INFERIDO); painéis de vidro fixo de 1,30 a 2,10 m conforme a legenda.";TOM001-COZ-PJ-E-R-006-R001;;;;
DIV-017;Data da prancha;Média;ARQ HID SAN;"A prancha de pontos é de 09/01/2006 (projeto executivo, R001). Existem as-builts posteriores (exaustão, 2026) que podem ter alterado o layout; conferir no local antes de executar.";TOM001-COZ-PJ-E-R-006-R001;;;;
DIV-018;Registro não posicionado;Média;GAS;Nota da prancha: 'deixar um registro geral na entrada da tubulação de gás p/ a cozinha'. A posição do registro não está desenhada.;TOM001-COZ-PJ-E-R-006-R001;14,305;14,108;-2,52;GAS-SS-COZ-001
DIV-019;Louça x parede;Baixa;ARQ SAN;Tampo / pia inox (item 07) (EQ-048): afastada 3 cm da face da parede (tolerância 3 cm) no desenho de layout.;TOM001-COZ-PJ-E-R-006-R001;15,906;13,819;-2,02;LC-001 SAN-SS-COZ-004
DIV-020;Louça x parede;Baixa;ARQ SAN;Pia lavatório de mãos (item 24) (EQ-005): afastada 5 cm da face da parede (tolerância 3 cm) no desenho de layout.;TOM001-COZ-PJ-E-R-006-R001;-2,705;12,555;-2,02;LC-002 SAN-SS-REF-001
DIV-021;Louça x parede;Baixa;ARQ SAN;Mesa de lavagem com cuba (item 40) (EQ-022): afastada 10 cm da face da parede (tolerância 3 cm) no desenho de layout.;TOM001-COZ-PJ-E-R-006-R001;1,003;11,372;-2,02;LC-004 SAN-SS-LAVL-006
DIV-022;Louça x parede;Baixa;ARQ SAN;Tampo / pia inox (item 07) (EQ-029): afastada 3 cm da face da parede (tolerância 3 cm) no desenho de layout.;TOM001-COZ-PJ-E-R-006-R001;10,303;7,604;-2,02;LC-008 SAN-SS-COZ-014
DIV-023;Louça x parede;Baixa;ARQ SAN;Tampo / pia inox (item 07) (EQ-038): afastada 3 cm da face da parede (tolerância 3 cm) no desenho de layout.;TOM001-COZ-PJ-E-R-006-R001;14,265;7,603;-2,02;LC-009 SAN-SS-COZ-015
DIV-024;Louça x parede;Baixa;ARQ SAN;Caixa retentora de detritos (item 20) (EQ-063): afastada 3 cm da face da parede (tolerância 3 cm) no desenho de layout.;TOM001-COZ-PJ-E-R-006-R001;20,178;7,604;-2,02;LC-010 SAN-SS-LAVP-002
DIV-025;Louça x parede;Baixa;ARQ SAN;Pia lavatório de mãos (item 24) (EQ-033): afastada 12 cm da face da parede (tolerância 3 cm) no desenho de layout.;TOM001-COZ-PJ-E-R-006-R001;11,163;4,184;-2,02;LC-012 SAN-SS-PCAR-001
