id;sistema;rotulo;largura_m;altura_m;tipo;xa;ya;za;xb;yb;zb;comprimento_m;status;ventilador;passagem;nota;prancha
D-EXA-SS-001;EXA;EC-30x40;0,3;0,4;horizontal;-1,001;10,375;0,4;-0,139;10,375;0,4;0,862;PENDENTE;VM-COZ03;horizontal, sob a laje do térreo, topo a 3.47 m do piso (cota +0.60);Trecho em vermelho tracejado: 'EC- duto de exaustão em chapa de aço preta removido / refazer' (legenda). Liga a coifa da lavadora ao coletor.;As-built exaustão subsolo · Fase 2 (Anexo D)
D-EXA-SS-002;EXA;EC-30x40;0,3;0,4;horizontal;-0,139;10,375;0,4;-0,139;14,695;0,4;4,32;PENDENTE;VM-COZ03;horizontal, sob a laje do térreo, topo a 3.47 m do piso (cota +0.60);Trecho em vermelho tracejado: 'EC- duto de exaustão em chapa de aço preta removido / refazer' (legenda). Liga a coifa da lavadora ao coletor.;As-built exaustão subsolo · Fase 2 (Anexo D)
D-EXA-SS-003;EXA;EC-30x40;0,3;0,4;horizontal;-0,139;14,695;0,4;-0,139;15,308;0,4;0,613;EXTRAÍDO;VM-COZ03;horizontal, sob a laje do térreo, topo a 3.47 m do piso (cota +0.60);Coletor no corredor norte (linhas laranja y=290,6 e 314,9 pt).;As-built exaustão subsolo · Fase 2 (Anexo D)
D-EXA-SS-004;EXA;EC-30x40;0,3;0,4;horizontal;-0,139;15,308;0,4;8,052;15,308;0,4;8,191;EXTRAÍDO;VM-COZ03;horizontal, sob a laje do térreo, topo a 3.47 m do piso (cota +0.60);Coletor no corredor norte (linhas laranja y=290,6 e 314,9 pt).;As-built exaustão subsolo · Fase 2 (Anexo D)
D-EXA-SS-005;EXA;EC-50x40;0,5;0,4;horizontal;8,052;15,208;0,4;16,325;15,208;0,4;8,273;EXTRAÍDO;VM-COZ03;horizontal, sob a laje do térreo, topo a 3.47 m do piso (cota +0.60);Coletor (y=290,6 e 331,1 pt) e descida em planta até o encontro com o EC-90x40.;As-built exaustão subsolo · Fase 2 (Anexo D)
D-EXA-SS-006;EXA;EC-50x40;0,5;0,4;horizontal;16,325;15,208;0,4;16,325;13,6;0,4;1,608;EXTRAÍDO;VM-COZ03;horizontal, sob a laje do térreo, topo a 3.47 m do piso (cota +0.60);Coletor (y=290,6 e 331,1 pt) e descida em planta até o encontro com o EC-90x40.;As-built exaustão subsolo · Fase 2 (Anexo D)
D-EXA-SS-007;EXA;EC-90x40;0,9;0,4;horizontal;16,525;13,6;0,4;16,525;9,74;0,4;3,86;EXTRAÍDO;VM-COZ03;horizontal, sob a laje do térreo, topo a 3.47 m do piso (cota +0.60);"Linhas x=1744,3 e 1817,2 pt; interrompidas onde cruzam o ar exterior e o insuflamento (passa por baixo).";As-built exaustão subsolo · Fase 2 (Anexo D)
D-EXA-SS-008;EXA;EC-40x40;0,4;0,4;horizontal;19,86;13,901;0,4;16,975;13,901;0,4;2,885;EXTRAÍDO;VM-COZ03;horizontal, sob a laje do térreo, topo a 3.47 m do piso (cota +0.60);Ramal da coifa sobre os caldeirões (captor em x=2050,7–2083,1 pt).;As-built exaustão subsolo · Fase 2 (Anexo D)
D-EXA-SS-009;EXA;EC-60x50;0,5;0,6;horizontal;8,983;13,901;0,3;15,042;13,901;0,3;6,059;EXTRAÍDO;VM-COZ02;horizontal, sob a laje do térreo, topo a 3.47 m do piso (cota +0.60);"Coletor sobre a coifa de parede (y=396,4 e 437,0 pt); largura medida 0,50 m, altura adotada 0,60 m (rótulo EC-60x50).";As-built exaustão subsolo · Fase 2 (Anexo D)
D-EXA-SS-010;EXA;EC-60x50;0,6;0,5;horizontal;15,042;13,901;0,35;15,042;9,691;0,35;4,21;EXTRAÍDO;VM-COZ02;horizontal, sob a laje do térreo, topo a 3.47 m do piso (cota +0.60);Linhas x=1636,5 e 1685,1 pt até a caixa da prumada (737,1–777,6 pt).;As-built exaustão subsolo · Fase 2 (Anexo D)
D-EXA-SS-011;EXA;EC-50x30;0,5;0,3;horizontal;9,727;9,691;0,45;12,335;9,691;0,45;2,608;EXTRAÍDO;VM-COZ01;horizontal, sob a laje do térreo, topo a 3.47 m do piso (cota +0.60);Plenum/coletor sobre a coifa A (y=737,1 e 777,6 pt) até a caixa da prumada E-70x50 (x=1413,3–1470,0 pt).;As-built exaustão subsolo · Fase 2 (Anexo D)
D-EXG-SS-001;EXG;E-85x50;0,85;0,5;horizontal;17,5;9,691;0,35;17,5;8,042;0,35;1,649;EXTRAÍDO;não identificado;horizontal, sob a laje do térreo, topo a 3.47 m do piso (cota +0.60);"Duto E- (exaustão geral) x=1825,3–1894,1 pt; a jusante alarga em transição para o corredor sul.";As-built exaustão subsolo · Fase 2 (Anexo D)
D-EXG-SS-002;EXG;E-20x15;0,2;0,15;horizontal;21,932;9,659;0,525;21,932;6,526;0,525;3,133;INFERIDO;não identificado;horizontal, sob a laje do térreo, topo a 3.47 m do piso (cota +0.60);"Grelhas do Gelo (E-20x15, x=2210,3–2226,5 pt) até o duto do corredor; o trecho do corredor e a transição até o E-85x50 foram simplificados.";As-built exaustão subsolo · Fase 2 (Anexo D)
D-EXG-SS-003;EXG;E-20x15;0,2;0,15;horizontal;21,932;6,526;0,525;18,226;6,526;0,525;3,706;INFERIDO;não identificado;horizontal, sob a laje do térreo, topo a 3.47 m do piso (cota +0.60);"Grelhas do Gelo (E-20x15, x=2210,3–2226,5 pt) até o duto do corredor; o trecho do corredor e a transição até o E-85x50 foram simplificados.";As-built exaustão subsolo · Fase 2 (Anexo D)
D-EXG-SS-004;EXG;E-20x15;0,2;0,15;horizontal;18,226;6,526;0,525;17,5;8,042;0,525;1,681;INFERIDO;não identificado;horizontal, sob a laje do térreo, topo a 3.47 m do piso (cota +0.60);"Grelhas do Gelo (E-20x15, x=2210,3–2226,5 pt) até o duto do corredor; o trecho do corredor e a transição até o E-85x50 foram simplificados.";As-built exaustão subsolo · Fase 2 (Anexo D)
D-INS-SS-001;INS;I-50x40;0,5;0,4;horizontal;2,471;12,514;1,0;6,371;12,514;1,0;3,9;EXTRAÍDO;;horizontal, sob a laje do térreo, topo a 4.07 m do piso (cota +1.20);Linhas magenta y=508,7 e 549,1 pt.;As-built exaustão subsolo · Fase 2 (Anexo D)
D-INS-SS-002;INS;I-50x50;0,5;0,5;horizontal;6,371;12,514;0,95;8,466;12,514;0,95;2,095;EXTRAÍDO;;horizontal, sob a laje do térreo, topo a 4.07 m do piso (cota +1.20);Continuação em azul (mesma largura).;As-built exaustão subsolo · Fase 2 (Anexo D)
D-INS-SS-003;INS;I-30x50;0,3;0,5;horizontal;8,466;12,363;0,95;11,346;12,363;0,95;2,88;EXTRAÍDO;;horizontal, sob a laje do térreo, topo a 4.07 m do piso (cota +1.20);Linhas azuis y=529,0 e 553,2 pt.;As-built exaustão subsolo · Fase 2 (Anexo D)
D-INS-SS-004;INS;I-50x40;0,5;0,4;horizontal;2,471;12,514;1,0;2,471;9,4;1,0;3,114;EXTRAÍDO;;horizontal, sob a laje do térreo, topo a 4.07 m do piso (cota +1.20);Linhas magenta x=623,2 e 663,8 pt.;As-built exaustão subsolo · Fase 2 (Anexo D)
D-INS-SS-005;INS;I-25x40;0,25;0,4;horizontal;2,471;9,4;1,0;2,471;8,046;1,0;1,354;EXTRAÍDO;;horizontal, sob a laje do térreo, topo a 4.07 m do piso (cota +1.20);Redução e ramal I-25x40 (y=880,3 e 900,6 pt) até a lavagem.;As-built exaustão subsolo · Fase 2 (Anexo D)
D-INS-SS-006;INS;I-25x40;0,25;0,4;horizontal;2,471;8,046;1,0;-0,38;8,046;1,0;2,851;EXTRAÍDO;;horizontal, sob a laje do térreo, topo a 4.07 m do piso (cota +1.20);Redução e ramal I-25x40 (y=880,3 e 900,6 pt) até a lavagem.;As-built exaustão subsolo · Fase 2 (Anexo D)
D-INS-SS-007;INS;I-80x50;0,8;0,5;horizontal;8,365;12,265;0,95;8,365;9,638;0,95;2,627;EXTRAÍDO;;horizontal, sob a laje do térreo, topo a 4.07 m do piso (cota +1.20);"Linhas x=1088,1 e 1152,9 pt; termina em caixa com X (descida/prumada).";As-built exaustão subsolo · Fase 2 (Anexo D)
D-INS-SS-008;INS;I-65x50;0,65;0,5;horizontal;13,946;9,691;0,95;13,946;8,941;0,95;0,75;EXTRAÍDO;;horizontal, sob a laje do térreo, topo a 4.07 m do piso (cota +1.20);Caixa com X 1545,8–1598,3 pt (prumada) e transição.;As-built exaustão subsolo · Fase 2 (Anexo D)
D-INS-SS-009;INS;I-40x40;0,4;0,4;horizontal;13,744;8,941;1,0;13,744;7,448;1,0;1,493;EXTRAÍDO;;horizontal, sob a laje do térreo, topo a 4.07 m do piso (cota +1.20);Linhas x=1539,6 e 1572,0 pt.;As-built exaustão subsolo · Fase 2 (Anexo D)
D-INS-SS-010;INS;I-35x40;0,35;0,4;horizontal;13,744;7,448;1,0;6,864;7,448;1,0;6,88;EXTRAÍDO;;horizontal, sob a laje do térreo, topo a 4.07 m do piso (cota +1.20);Linhas y=924,7 e 953,1 pt.;As-built exaustão subsolo · Fase 2 (Anexo D)
D-INS-SS-011;INS;I-55x40;0,55;0,4;horizontal;15,709;12,03;1,0;15,709;9,24;1,0;2,79;EXTRAÍDO;;horizontal, sob a laje do térreo, topo a 4.07 m do piso (cota +1.20);Linhas x=1692,5 e 1737,0 pt.;As-built exaustão subsolo · Fase 2 (Anexo D)
D-INS-SS-012;INS;I-40x40;0,4;0,4;horizontal;15,709;9,24;1,0;15,709;8,639;1,0;0,601;EXTRAÍDO;;horizontal, sob a laje do térreo, topo a 4.07 m do piso (cota +1.20);Redução e ramal (y=826,3 e 858,6 pt).;As-built exaustão subsolo · Fase 2 (Anexo D)
D-INS-SS-013;INS;I-40x40;0,4;0,4;horizontal;15,709;8,639;1,0;13,946;8,639;1,0;1,763;EXTRAÍDO;;horizontal, sob a laje do térreo, topo a 4.07 m do piso (cota +1.20);Redução e ramal (y=826,3 e 858,6 pt).;As-built exaustão subsolo · Fase 2 (Anexo D)
D-INS-SS-014;INS;I-35x30;0,35;0,3;horizontal;15,709;10,996;1,05;20,221;10,996;1,05;4,512;EXTRAÍDO;;horizontal, sob a laje do térreo, topo a 4.07 m do piso (cota +1.20);Linhas y=637,6 e 666,0 pt.;As-built exaustão subsolo · Fase 2 (Anexo D)
D-INS-SS-015;INS;I- (sem rótulo);0,5;0,4;horizontal;9,117;9,638;1,0;9,117;7,235;1,0;2,403;INFERIDO;;horizontal, sob a laje do térreo, topo a 4.07 m do piso (cota +1.20);"Duto magenta x=1161,0–1201,5 pt sem rótulo próprio; altura 0,40 m adotada.";As-built exaustão subsolo · Fase 2 (Anexo D)
D-AEX-SS-001;AEX;AE-70x30;0,7;0,3;horizontal;6,521;12,424;1,05;15,802;12,424;1,05;9,281;EXTRAÍDO;;horizontal, sob a laje do térreo, topo a 4.07 m do piso (cota +1.20);"Linhas cinza y≈500–572 pt (com flanges); largura do rótulo.";As-built exaustão subsolo · Fase 2 (Anexo D)
D-AEX-SS-002;AEX;AE-40x30;0,4;0,3;horizontal;15,802;12,424;1,05;16,404;12,424;1,05;0,602;EXTRAÍDO;;horizontal, sob a laje do térreo, topo a 4.07 m do piso (cota +1.20);Transição 1722,3–1771,0 pt e duto y=520,1–552,4 pt.;As-built exaustão subsolo · Fase 2 (Anexo D)
D-AEX-SS-003;AEX;AE-40x30;0,4;0,3;horizontal;16,404;12,424;1,05;20,411;12,424;1,05;4,007;EXTRAÍDO;;horizontal, sob a laje do térreo, topo a 4.07 m do piso (cota +1.20);Transição 1722,3–1771,0 pt e duto y=520,1–552,4 pt.;As-built exaustão subsolo · Fase 2 (Anexo D)
D-AEX-SS-004;AEX;AE-55x25;0,55;0,25;horizontal;9,96;12,424;1,075;9,96;10,17;1,075;2,254;EXTRAÍDO;;horizontal, sob a laje do térreo, topo a 4.07 m do piso (cota +1.20);Descida de ar de compensação para a coifa A (x=1227,2–1271,8 pt).;As-built exaustão subsolo · Fase 2 (Anexo D)
D-AEX-SS-005;AEX;AE-55x25;0,55;0,25;horizontal;11,521;12,424;1,075;11,521;10,16;1,075;2,264;EXTRAÍDO;;horizontal, sob a laje do térreo, topo a 4.07 m do piso (cota +1.20);Descida de ar de compensação para a coifa A (x=1353,6–1398,1 pt).;As-built exaustão subsolo · Fase 2 (Anexo D)
D-EXA-SS-012;EXA;E-70x50;0,7;0,5;prumada;12,335;9,691;0,35;12,335;9,691;1,5;1,15;EXTRAÍDO;VM-COZ01;vertical, do duto até a laje do térreo e pelo shaft até a laje técnica (+0.35 → +1.50);Caixa 1413,3–1470,0 × 737,2–777,6 pt = 0,70 × 0,50 m, igual à seção da prumada da Exaustão 1 no fluxograma.;As-built exaustão subsolo · Fase 2 (Anexo D)
D-EXA-SH-001;EXA;E-70x50;0,7;0,5;prumada;12,335;9,691;1,5;12,335;9,691;8,36;6,86;INFERIDO;VM-COZ01;vertical, do duto até a laje do térreo e pelo shaft até a laje técnica (+1.50 → +8.36);"Traçado do shaft entre o térreo e a laje técnica não desenhado em planta; adotado vertical sobre a caixa da prumada (fluxograma: prumadas paralelas no mesmo shaft).";TDM001-ARC-PJ-E-R-012 (fluxogramas)
D-EXA-DS-001;EXA;E-60x60;0,6;0,6;descarga;12,335;9,691;9,56;12,335;9,691;20,93;11,37;INFERIDO;VM-COZ01;vertical, do ventilador na laje técnica até a cobertura (+9.56 → +20.93);"Descarga do ventilador até a cobertura (+20,93) em E-60x60 (fluxograma); traçado em planta não disponível, adotado vertical.";TDM001-ARC-PJ-E-R-012 (fluxogramas)
D-EXA-SS-013;EXA;E-60x50;0,6;0,5;prumada;15,042;9,691;0,35;15,042;9,691;1,5;1,15;EXTRAÍDO;VM-COZ02;vertical, do duto até a laje do térreo e pelo shaft até a laje técnica (+0.35 → +1.50);Caixa 1636,5–1685,1 × 737,1–777,6 pt = 0,60 × 0,50 m (fluxograma: E-60x50).;As-built exaustão subsolo · Fase 2 (Anexo D)
D-EXA-SH-002;EXA;E-60x50;0,6;0,5;prumada;15,042;9,691;1,5;15,042;9,691;8,36;6,86;INFERIDO;VM-COZ02;vertical, do duto até a laje do térreo e pelo shaft até a laje técnica (+1.50 → +8.36);"Traçado do shaft entre o térreo e a laje técnica não desenhado em planta; adotado vertical sobre a caixa da prumada (fluxograma: prumadas paralelas no mesmo shaft).";TDM001-ARC-PJ-E-R-012 (fluxogramas)
D-EXA-DS-002;EXA;E-60x60;0,6;0,6;descarga;15,042;9,691;9,56;15,042;9,691;20,93;11,37;INFERIDO;VM-COZ02;vertical, do ventilador na laje técnica até a cobertura (+9.56 → +20.93);"Descarga do ventilador até a cobertura (+20,93) em E-60x60 (fluxograma); traçado em planta não disponível, adotado vertical.";TDM001-ARC-PJ-E-R-012 (fluxogramas)
D-EXA-SS-014;EXA;E-90x40;0,9;0,4;prumada;16,525;9,74;0,4;16,525;9,74;1,5;1,1;EXTRAÍDO;VM-COZ03;vertical, do duto até a laje do térreo e pelo shaft até a laje técnica (+0.40 → +1.50);Caixa 1744,3–1817,2 × 737,2–769,6 pt = 0,90 × 0,40 m (fluxograma: E-90x40).;As-built exaustão subsolo · Fase 2 (Anexo D)
D-EXA-SH-003;EXA;E-90x40;0,9;0,4;prumada;16,525;9,74;1,5;16,525;9,74;8,36;6,86;INFERIDO;VM-COZ03;vertical, do duto até a laje do térreo e pelo shaft até a laje técnica (+1.50 → +8.36);"Traçado do shaft entre o térreo e a laje técnica não desenhado em planta; adotado vertical sobre a caixa da prumada (fluxograma: prumadas paralelas no mesmo shaft).";TDM001-ARC-PJ-E-R-012 (fluxogramas)
D-EXA-DS-003;EXA;E-60x60;0,6;0,6;descarga;16,525;9,74;9,56;16,525;9,74;20,93;11,37;INFERIDO;VM-COZ03;vertical, do ventilador na laje técnica até a cobertura (+9.56 → +20.93);"Descarga do ventilador até a cobertura (+20,93) em E-60x60 (fluxograma); traçado em planta não disponível, adotado vertical.";TDM001-ARC-PJ-E-R-012 (fluxogramas)
D-EXG-SS-005;EXG;E-85x50;0,85;0,5;prumada;17,5;9,691;0,35;17,5;9,691;1,5;1,15;EXTRAÍDO;não identificado;vertical, do duto até a laje do térreo e pelo shaft até a laje técnica (+0.35 → +1.50);"Caixa 1825,3–1894,1 × 737,2–777,6 pt; exaustor não identificado nas pranchas disponíveis.";As-built exaustão subsolo · Fase 2 (Anexo D)
D-INS-SS-016;INS;I-80x50;0,8;0,5;prumada;8,365;9,638;0,95;8,365;9,638;1,5;0,55;EXTRAÍDO;AC-COZ01;vertical, do duto até a laje do térreo e pelo shaft até a laje técnica (+0.95 → +1.50);"Caixa com X 1088,1–1152,9 pt; associação ao AC-COZ01 INFERIDA (fluxograma: 2 unidades de insuflamento).";As-built exaustão subsolo · Fase 2 (Anexo D)
D-INS-SH-001;INS;I-80x50;0,8;0,5;prumada;8,365;9,638;1,5;8,365;9,638;8,36;6,86;INFERIDO;AC-COZ01;vertical, do duto até a laje do térreo e pelo shaft até a laje técnica (+1.50 → +8.36);"Traçado do shaft entre o térreo e a laje técnica não desenhado em planta; adotado vertical sobre a caixa da prumada (fluxograma: prumadas paralelas no mesmo shaft).";TDM001-ARC-PJ-E-R-012 (fluxogramas)
D-INS-SS-017;INS;I-65x50;0,65;0,5;prumada;13,946;9,691;0,95;13,946;9,691;1,5;0,55;EXTRAÍDO;AC-COZ02;vertical, do duto até a laje do térreo e pelo shaft até a laje técnica (+0.95 → +1.50);"Caixa com X 1545,8–1598,3 pt; associação ao AC-COZ02 INFERIDA.";As-built exaustão subsolo · Fase 2 (Anexo D)
D-INS-SH-002;INS;I-65x50;0,65;0,5;prumada;13,946;9,691;1,5;13,946;9,691;8,36;6,86;INFERIDO;AC-COZ02;vertical, do duto até a laje do térreo e pelo shaft até a laje técnica (+1.50 → +8.36);"Traçado do shaft entre o térreo e a laje técnica não desenhado em planta; adotado vertical sobre a caixa da prumada (fluxograma: prumadas paralelas no mesmo shaft).";TDM001-ARC-PJ-E-R-012 (fluxogramas)
D-AEX-SS-006;AEX;AE-100x40;1,0;0,4;prumada;6,521;12,424;1,0;6,521;12,424;1,5;0,5;INFERIDO;VM-COZ05/06;vertical, do duto até a laje do térreo e pelo shaft até a laje técnica (+1.00 → +1.50);"Extremidade do AE-70x30 junto às setas SOBE/DESCE do corredor; descida do ar exterior (fluxograma: AE-100x40 de VM-COZ05/06) adotada neste ponto.";As-built exaustão subsolo · Fase 2 (Anexo D)
D-AEX-SH-001;AEX;AE-100x40;1,0;0,4;prumada;6,521;12,424;1,5;6,521;12,424;8,36;6,86;INFERIDO;VM-COZ05/06;vertical, do duto até a laje do térreo e pelo shaft até a laje técnica (+1.50 → +8.36);"Traçado do shaft entre o térreo e a laje técnica não desenhado em planta; adotado vertical sobre a caixa da prumada (fluxograma: prumadas paralelas no mesmo shaft).";TDM001-ARC-PJ-E-R-012 (fluxogramas)
D-EXA-SS-015;EXA;EC-50x30;0,5;0,3;descida;10,028;9,159;0,3;10,028;9,159;-0,27;0,57;EXTRAÍDO;;vertical, da rede até a coifa (3.17 → 2.60 m do piso);Caixa 1234,7–1275,2 × 788,2–812,6 pt (EC-50x30).;As-built exaustão subsolo · Fase 2 (Anexo D)
D-EXA-SS-016;EXA;EC-50x30;0,5;0,3;descida;11,521;9,159;0,3;11,521;9,159;-0,27;0,57;EXTRAÍDO;;vertical, da rede até a coifa (3.17 → 2.60 m do piso);Caixa 1355,6–1396,1 × 788,2–812,6 pt (EC-50x30).;As-built exaustão subsolo · Fase 2 (Anexo D)
D-EXA-SS-017;EXA;EC-30x25;0,3;0,25;descida;9,31;13,951;0,0;9,31;13,951;-0,27;0,27;EXTRAÍDO;;vertical, da rede até a coifa (2.87 → 2.60 m do piso);Caixa azul com X 1186,7–1207,0 pt (4× E-30x25 no fluxograma).;As-built exaustão subsolo · Fase 2 (Anexo D)
D-EXA-SS-018;EXA;EC-30x25;0,3;0,25;descida;10,974;13,951;0,3;10,974;13,951;-0,27;0,57;EXTRAÍDO;;vertical, da rede até a coifa (3.17 → 2.60 m do piso);Caixa 1321,4–1341,7 pt.;As-built exaustão subsolo · Fase 2 (Anexo D)
D-EXA-SS-019;EXA;EC-30x25;0,3;0,25;descida;12,639;13,951;0,3;12,639;13,951;-0,27;0,57;EXTRAÍDO;;vertical, da rede até a coifa (3.17 → 2.60 m do piso);Caixa 1456,1–1476,4 pt.;As-built exaustão subsolo · Fase 2 (Anexo D)
D-EXA-SS-020;EXA;EC-30x25;0,3;0,25;descida;14,303;13,951;0,3;14,303;13,951;-0,27;0,57;EXTRAÍDO;;vertical, da rede até a coifa (3.17 → 2.60 m do piso);Caixa 1590,8–1611,1 pt.;As-built exaustão subsolo · Fase 2 (Anexo D)
D-EXA-SS-021;EXA;EC-40x40;0,4;0,4;descida;20,06;13,901;0,2;20,06;13,901;-0,27;0,47;EXTRAÍDO;;vertical, da rede até a coifa (3.07 → 2.60 m do piso);Captor 2050,7–2083,1 pt na ponta do EC-40x40.;As-built exaustão subsolo · Fase 2 (Anexo D)
D-EXA-SS-022;EXA;EC-30x30;0,3;0,3;descida;-1,001;10,375;0,2;-1,001;10,375;-0,27;0,47;PENDENTE;;vertical, da rede até a coifa (3.07 → 2.60 m do piso);Caixa vermelha com X (trecho removido). Trecho removido — refazer (legenda do as-built).;As-built exaustão subsolo · Fase 2 (Anexo D)
D-AEX-SS-007;AEX;AE-55x25;0,55;0,25;descida;9,96;10,17;0,95;9,96;10,17;-0,27;1,22;EXTRAÍDO;;vertical, da rede até a coifa (3.82 → 2.60 m do piso);Chegada do ar de compensação na coifa A (caixa azul 1227,2–1271,8 pt).;As-built exaustão subsolo · Fase 2 (Anexo D)
D-AEX-SS-008;AEX;AE-55x25;0,55;0,25;descida;11,521;10,16;0,95;11,521;10,16;-0,27;1,22;EXTRAÍDO;;vertical, da rede até a coifa (3.82 → 2.60 m do piso);Chegada do ar de compensação na coifa A (caixa azul 1353,6–1398,1 pt).;As-built exaustão subsolo · Fase 2 (Anexo D)
