id;tipo;titulo;sistema;dn;x;y;z;h;pavimento;ambiente;equipamento;texto_prancha;prancha;status;motivo;cota_A_m;cota_A_parede;cota_B_m;cota_B_parede;embutido;memoria
HID-SS-COZ-001;AF;Ponto de água fria;HID-AF;"3/4""";7,536;14,108;-1,67;1,2;Subsolo;Cozinha / Montagem;;"AF 3/4"" H=1,20m";TOM001-COZ-PJ-E-R-006-R001;EXTRAÍDO;;0,092;PAR-005;13,874;PAR-054;não;"XY: centro do símbolo na folha (660.12; 924.12) pt — ajustado ao centro do círculo vetorial; X=(x−437.74)·0.033888; Y=(1340.42−y)·0.033888 (escala medida, ver premissa P2). Z = PA -2.87 (inferido: PA sem marca no ambiente: adotado o PA −2,87 das marcas M1 (porta da cozinha) e M3 (circulação); PO −3,44 da marca M1) + h 1.20 (texto da prancha: ""AF 3/4"" H=1,20m"")."
HID-SS-COZ-002;AF;Ponto de água fria;HID-AF;"3/4""";9,985;14,108;-2,67;0,2;Subsolo;Cozinha / Montagem;Forno combinado (item 03);"AF 3/4"" H=0,20m (forno combinado)";TOM001-COZ-PJ-E-R-006-R001;EXTRAÍDO;;0,092;PAR-005;11,425;PAR-054;não;"XY: centro do símbolo na folha (732.38; 924.12) pt — ajustado ao centro do círculo vetorial; X=(x−437.74)·0.033888; Y=(1340.42−y)·0.033888 (escala medida, ver premissa P2). Z = PA -2.87 (inferido: PA sem marca no ambiente: adotado o PA −2,87 das marcas M1 (porta da cozinha) e M3 (circulação); PO −3,44 da marca M1) + h 0.20 (texto da prancha: ""AF 3/4"" H=0,20m (forno combinado)"")."
HID-SS-COZ-003;AF;Ponto de água fria;HID-AF;"3/4""";11,035;14,108;-2,67;0,2;Subsolo;Cozinha / Montagem;Forno combinado (item 03);"AF 3/4"" H=0,20m (forno combinado)";TOM001-COZ-PJ-E-R-006-R001;EXTRAÍDO;;0,092;PAR-005;10,375;PAR-054;não;"XY: centro do símbolo na folha (763.38; 924.12) pt — ajustado ao centro do círculo vetorial; X=(x−437.74)·0.033888; Y=(1340.42−y)·0.033888 (escala medida, ver premissa P2). Z = PA -2.87 (inferido: PA sem marca no ambiente: adotado o PA −2,87 das marcas M1 (porta da cozinha) e M3 (circulação); PO −3,44 da marca M1) + h 0.20 (texto da prancha: ""AF 3/4"" H=0,20m (forno combinado)"")."
GAS-SS-COZ-001;GAS;Ponto de gás;GAS;;14,305;14,108;-2,52;0,35;Subsolo;Cozinha / Montagem;;(2x) GAS 12.000 kcal/h H=0,35m;TOM001-COZ-PJ-E-R-006-R001;EXTRAÍDO;;0,092;PAR-005;7,105;PAR-054;não;"XY: centro do símbolo na folha (859.88; 924.12) pt — ajustado ao centro do círculo vetorial; X=(x−437.74)·0.033888; Y=(1340.42−y)·0.033888 (escala medida, ver premissa P2). Z = PA -2.87 (inferido: PA sem marca no ambiente: adotado o PA −2,87 das marcas M1 (porta da cozinha) e M3 (circulação); PO −3,44 da marca M1) + h 0.35 (texto da prancha: ""(2x) GAS 12.000 kcal/h H=0,35m"")."
HID-SS-COZ-004;AF;Ponto de água fria;HID-AF;"3/4""";16,144;14,108;-1,67;1,2;Subsolo;Cozinha / Montagem;Tampo / pia inox (item 07);"AF 3/4"" H=1,20m";TOM001-COZ-PJ-E-R-006-R001;EXTRAÍDO;;0,092;PAR-086;5,267;PAR-054;não;"XY: centro do símbolo na folha (914.12; 924.12) pt — ajustado ao centro do círculo vetorial; X=(x−437.74)·0.033888; Y=(1340.42−y)·0.033888 (escala medida, ver premissa P2). Z = PA -2.87 (inferido: PA sem marca no ambiente: adotado o PA −2,87 das marcas M1 (porta da cozinha) e M3 (circulação); PO −3,44 da marca M1) + h 1.20 (texto da prancha: ""AF 3/4"" H=1,20m"")."
GAS-SS-COZ-002;GAS;Ponto de gás;GAS;;19,071;14,103;-2,07;0,8;Subsolo;Cozinha / Montagem;nº 8 na prancha (sem correspondência segura no memorial);GAS 10.320 kcal/h H=0,80m;TOM001-COZ-PJ-E-R-006-R001;EXTRAÍDO;;0,097;PAR-007;2,339;PAR-054;não;"XY: centro do símbolo na folha (1000.50; 924.25) pt — posição lida no desenho; X=(x−437.74)·0.033888; Y=(1340.42−y)·0.033888 (escala medida, ver premissa P2). Z = PA -2.87 (inferido: PA sem marca no ambiente: adotado o PA −2,87 das marcas M1 (porta da cozinha) e M3 (circulação); PO −3,44 da marca M1) + h 0.80 (texto da prancha: ""GAS 10.320 kcal/h H=0,80m"")."
SAN-SS-COZ-001;RSG;Ralo seco grande;SAN-ESG;;19,393;14,103;-2,87;0,0;Subsolo;Cozinha / Montagem;nº 8 na prancha (sem correspondência segura no memorial);RALO SECO GRANDE P/AQ @ 90°C;TOM001-COZ-PJ-E-R-006-R001;EXTRAÍDO;;0,097;PAR-007;2,017;PAR-054;não;"XY: centro do símbolo na folha (1010.00; 924.25) pt — posição lida no desenho; X=(x−437.74)·0.033888; Y=(1340.42−y)·0.033888 (escala medida, ver premissa P2). Z = PA -2.87 (inferido: PA sem marca no ambiente: adotado o PA −2,87 das marcas M1 (porta da cozinha) e M3 (circulação); PO −3,44 da marca M1) + h 0.00."
HID-SS-COZ-005;AF;Ponto de água fria;HID-AF;"3/4""";20,138;14,103;-1,67;1,2;Subsolo;Cozinha / Montagem;nº 6 na prancha (sem correspondência segura no memorial);"AF 3/4"" H=1,20m";TOM001-COZ-PJ-E-R-006-R001;EXTRAÍDO;;0,097;PAR-007;1,272;PAR-054;não;"XY: centro do símbolo na folha (1032.00; 924.25) pt — posição lida no desenho; X=(x−437.74)·0.033888; Y=(1340.42−y)·0.033888 (escala medida, ver premissa P2). Z = PA -2.87 (inferido: PA sem marca no ambiente: adotado o PA −2,87 das marcas M1 (porta da cozinha) e M3 (circulação); PO −3,44 da marca M1) + h 1.20 (texto da prancha: ""AF 3/4"" H=1,20m"")."
SAN-SS-COZ-002;RSG;Ralo seco grande;SAN-ESG;;20,723;14,103;-2,87;0,0;Subsolo;Cozinha / Montagem;nº 6 na prancha (sem correspondência segura no memorial);RALO SECO GRANDE P/AQ @ 90°C;TOM001-COZ-PJ-E-R-006-R001;EXTRAÍDO;;0,097;PAR-007;0,688;PAR-054;não;"XY: centro do símbolo na folha (1049.25; 924.25) pt — posição lida no desenho; X=(x−437.74)·0.033888; Y=(1340.42−y)·0.033888 (escala medida, ver premissa P2). Z = PA -2.87 (inferido: PA sem marca no ambiente: adotado o PA −2,87 das marcas M1 (porta da cozinha) e M3 (circulação); PO −3,44 da marca M1) + h 0.00."
GAS-SS-COZ-003;GAS;Ponto de gás;GAS;;10,247;14,099;-2,52;0,35;Subsolo;Cozinha / Montagem;Forno combinado (item 03);(3x) GAS 28.000 kcal/h H=0,35m;TOM001-COZ-PJ-E-R-006-R001;EXTRAÍDO;;0,101;PAR-005;11,163;PAR-054;não;"XY: centro do símbolo na folha (740.12; 924.38) pt — ajustado ao centro do círculo vetorial; X=(x−437.74)·0.033888; Y=(1340.42−y)·0.033888 (escala medida, ver premissa P2). Z = PA -2.87 (inferido: PA sem marca no ambiente: adotado o PA −2,87 das marcas M1 (porta da cozinha) e M3 (circulação); PO −3,44 da marca M1) + h 0.35 (texto da prancha: ""(3x) GAS 28.000 kcal/h H=0,35m"")."
GAS-SS-COZ-004;GAS;Ponto de gás;GAS;;11,298;14,099;-2,52;0,35;Subsolo;Cozinha / Montagem;Forno combinado (item 03);(3x) GAS 28.000 kcal/h H=0,35m;TOM001-COZ-PJ-E-R-006-R001;EXTRAÍDO;;0,101;PAR-005;10,112;PAR-054;não;"XY: centro do símbolo na folha (771.12; 924.38) pt — ajustado ao centro do círculo vetorial; X=(x−437.74)·0.033888; Y=(1340.42−y)·0.033888 (escala medida, ver premissa P2). Z = PA -2.87 (inferido: PA sem marca no ambiente: adotado o PA −2,87 das marcas M1 (porta da cozinha) e M3 (circulação); PO −3,44 da marca M1) + h 0.35 (texto da prancha: ""(3x) GAS 28.000 kcal/h H=0,35m"")."
HID-SS-COZ-006;AF;Ponto de água fria;HID-AF;"3/4""";12,094;14,099;-2,67;0,2;Subsolo;Cozinha / Montagem;Forno combinado (item 03);"AF 3/4"" H=0,20m (forno combinado)";TOM001-COZ-PJ-E-R-006-R001;EXTRAÍDO;;0,101;PAR-005;9,316;PAR-054;não;"XY: centro do símbolo na folha (794.62; 924.38) pt — ajustado ao centro do círculo vetorial; X=(x−437.74)·0.033888; Y=(1340.42−y)·0.033888 (escala medida, ver premissa P2). Z = PA -2.87 (inferido: PA sem marca no ambiente: adotado o PA −2,87 das marcas M1 (porta da cozinha) e M3 (circulação); PO −3,44 da marca M1) + h 0.20 (texto da prancha: ""AF 3/4"" H=0,20m (forno combinado)"")."
GAS-SS-COZ-005;GAS;Ponto de gás;GAS;;12,348;14,099;-2,52;0,35;Subsolo;Cozinha / Montagem;Forno combinado (item 03);(3x) GAS 28.000 kcal/h H=0,35m;TOM001-COZ-PJ-E-R-006-R001;EXTRAÍDO;;0,101;PAR-005;9,062;PAR-054;não;"XY: centro do símbolo na folha (802.12; 924.38) pt — ajustado ao centro do círculo vetorial; X=(x−437.74)·0.033888; Y=(1340.42−y)·0.033888 (escala medida, ver premissa P2). Z = PA -2.87 (inferido: PA sem marca no ambiente: adotado o PA −2,87 das marcas M1 (porta da cozinha) e M3 (circulação); PO −3,44 da marca M1) + h 0.35 (texto da prancha: ""(3x) GAS 28.000 kcal/h H=0,35m"")."
GAS-SS-COZ-006;GAS;Ponto de gás;GAS;;12,95;14,099;-2,52;0,35;Subsolo;Cozinha / Montagem;;(2x) GAS 24.000 kcal/h H=0,35m;TOM001-COZ-PJ-E-R-006-R001;EXTRAÍDO;;0,101;PAR-005;8,46;PAR-054;não;"XY: centro do símbolo na folha (819.88; 924.38) pt — ajustado ao centro do círculo vetorial; X=(x−437.74)·0.033888; Y=(1340.42−y)·0.033888 (escala medida, ver premissa P2). Z = PA -2.87 (inferido: PA sem marca no ambiente: adotado o PA −2,87 das marcas M1 (porta da cozinha) e M3 (circulação); PO −3,44 da marca M1) + h 0.35 (texto da prancha: ""(2x) GAS 24.000 kcal/h H=0,35m"")."
GAS-SS-COZ-007;GAS;Ponto de gás;GAS;;13,797;14,099;-2,52;0,35;Subsolo;Cozinha / Montagem;;(2x) GAS 24.000 kcal/h H=0,35m;TOM001-COZ-PJ-E-R-006-R001;EXTRAÍDO;;0,101;PAR-005;7,613;PAR-054;não;"XY: centro do símbolo na folha (844.88; 924.38) pt — ajustado ao centro do círculo vetorial; X=(x−437.74)·0.033888; Y=(1340.42−y)·0.033888 (escala medida, ver premissa P2). Z = PA -2.87 (inferido: PA sem marca no ambiente: adotado o PA −2,87 das marcas M1 (porta da cozinha) e M3 (circulação); PO −3,44 da marca M1) + h 0.35 (texto da prancha: ""(2x) GAS 24.000 kcal/h H=0,35m"")."
GAS-SS-COZ-008;GAS;Ponto de gás;GAS;;14,797;14,099;-2,52;0,35;Subsolo;Cozinha / Montagem;;(2x) GAS 12.000 kcal/h H=0,35m;TOM001-COZ-PJ-E-R-006-R001;EXTRAÍDO;;0,101;PAR-005;6,613;PAR-054;não;"XY: centro do símbolo na folha (874.38; 924.38) pt — ajustado ao centro do círculo vetorial; X=(x−437.74)·0.033888; Y=(1340.42−y)·0.033888 (escala medida, ver premissa P2). Z = PA -2.87 (inferido: PA sem marca no ambiente: adotado o PA −2,87 das marcas M1 (porta da cozinha) e M3 (circulação); PO −3,44 da marca M1) + h 0.35 (texto da prancha: ""(2x) GAS 12.000 kcal/h H=0,35m"")."
HID-SS-COZ-007;AF;Ponto de água fria;HID-AF;"3/4""";18,956;14,099;-1,67;1,2;Subsolo;Cozinha / Montagem;nº 8 na prancha (sem correspondência segura no memorial);"AF 3/4"" H=1,20m";TOM001-COZ-PJ-E-R-006-R001;EXTRAÍDO;;0,101;PAR-007;2,454;PAR-054;não;"XY: centro do símbolo na folha (997.12; 924.38) pt — ajustado ao centro do círculo vetorial; X=(x−437.74)·0.033888; Y=(1340.42−y)·0.033888 (escala medida, ver premissa P2). Z = PA -2.87 (inferido: PA sem marca no ambiente: adotado o PA −2,87 das marcas M1 (porta da cozinha) e M3 (circulação); PO −3,44 da marca M1) + h 1.20 (texto da prancha: ""AF 3/4"" H=1,20m"")."
GAS-SS-COZ-009;GAS;Ponto de gás;GAS;;20,253;14,099;-2,07;0,8;Subsolo;Cozinha / Montagem;nº 6 na prancha (sem correspondência segura no memorial);GAS 24.000 kcal/h H=0,80m;TOM001-COZ-PJ-E-R-006-R001;EXTRAÍDO;;0,101;PAR-007;1,157;PAR-054;não;"XY: centro do símbolo na folha (1035.38; 924.38) pt — ajustado ao centro do círculo vetorial; X=(x−437.74)·0.033888; Y=(1340.42−y)·0.033888 (escala medida, ver premissa P2). Z = PA -2.87 (inferido: PA sem marca no ambiente: adotado o PA −2,87 das marcas M1 (porta da cozinha) e M3 (circulação); PO −3,44 da marca M1) + h 0.80 (texto da prancha: ""GAS 24.000 kcal/h H=0,80m"")."
SAN-SS-COZ-003;RSG;Ralo seco grande;SAN-ESG;;7,93;14,095;-2,87;0,0;Subsolo;Cozinha / Montagem;;RALO SECO GRANDE P/AQ @ 90°C;TOM001-COZ-PJ-E-R-006-R001;EXTRAÍDO;;0,105;PAR-005;13,48;PAR-054;não;"XY: centro do símbolo na folha (671.75; 924.50) pt — posição lida no desenho; X=(x−437.74)·0.033888; Y=(1340.42−y)·0.033888 (escala medida, ver premissa P2). Z = PA -2.87 (inferido: PA sem marca no ambiente: adotado o PA −2,87 das marcas M1 (porta da cozinha) e M3 (circulação); PO −3,44 da marca M1) + h 0.00."
SAN-SS-COZ-004;ESG;Ponto de esgoto na parede;SAN-ESG;"1.1/2""";16,152;13,794;-2,42;0,45;Subsolo;Cozinha / Montagem;Tampo / pia inox (item 07);"ESGOTO 1.1/2"" H=0,45m";TOM001-COZ-PJ-E-R-006-R001;EXTRAÍDO;;0,406;PAR-086;5,258;PAR-054;não;"XY: centro do símbolo na folha (914.38; 933.38) pt — ajustado ao centro do círculo vetorial; X=(x−437.74)·0.033888; Y=(1340.42−y)·0.033888 (escala medida, ver premissa P2). Z = PA -2.87 (inferido: PA sem marca no ambiente: adotado o PA −2,87 das marcas M1 (porta da cozinha) e M3 (circulação); PO −3,44 da marca M1) + h 0.45 (texto da prancha: ""ESGOTO 1.1/2"" H=0,45m"")."
SAN-SS-REF-001;ESG;Ponto de esgoto na parede;SAN-ESG;"1.1/2""";-4,57;13,116;-2,32;0,55;Subsolo;Refeitório;Pia lavatório de mãos (item 24);"ESGOTO 1.1/2"" H=0,55m";TOM001-COZ-PJ-E-R-006-R001;EXTRAÍDO;;0,245;PAR-055;1,084;PAR-002;não;"XY: centro do símbolo na folha (302.88; 953.38) pt — ajustado ao centro do círculo vetorial; X=(x−437.74)·0.033888; Y=(1340.42−y)·0.033888 (escala medida, ver premissa P2). Z = PA -2.87 (inferido: PA sem marca no ambiente: adotado o PA −2,87 das marcas M1 (porta da cozinha) e M3 (circulação); PO −3,44 da marca M1) + h 0.55 (texto da prancha: ""ESGOTO 1.1/2"" H=0,55m"")."
HID-SS-LAVL-001;AF;Ponto de água fria;HID-AF;"3/4""";-4,418;13,014;-2,27;0,6;Subsolo;Lavagem de louças;Pia lavatório de mãos (item 24);"AF 3/4"" H=0,60m";TOM001-COZ-PJ-E-R-006-R001;EXTRAÍDO;;0,093;PAR-055;1,186;PAR-002;não;"XY: centro do símbolo na folha (307.38; 956.38) pt — ajustado ao centro do círculo vetorial; X=(x−437.74)·0.033888; Y=(1340.42−y)·0.033888 (escala medida, ver premissa P2). Z = PA -2.87 (inferido: PA sem marca no ambiente: adotado o PA −2,87 das marcas M1 (porta da cozinha) e M3 (circulação); PO −3,44 da marca M1) + h 0.60 (texto da prancha: ""AF 3/4"" H=0,60m""). Símbolo fora dos polígonos de ambiente (sobre parede); atribuído a Lavagem de louças (a 0.12 m)."
SAN-SS-LAVL-001;RS;Ralo seco;SAN-ESG;;-1,587;12,688;-2,87;0,0;Subsolo;Lavagem de louças;nº 58 na prancha (sem correspondência segura no memorial);RALO SECO;TOM001-COZ-PJ-E-R-006-R001;EXTRAÍDO;;2,518;PAR-055;;;não;"XY: centro do símbolo na folha (390.90; 966.00) pt — posição lida no desenho; X=(x−437.74)·0.033888; Y=(1340.42−y)·0.033888 (escala medida, ver premissa P2). Z = PA -2.87 (inferido: PA sem marca no ambiente: adotado o PA −2,87 das marcas M1 (porta da cozinha) e M3 (circulação); PO −3,44 da marca M1) + h 0.00."
SAN-SS-LAVL-002;RS;Ralo seco;SAN-ESG;;-1,14;12,688;-2,87;0,0;Subsolo;Lavagem de louças;nº 58 na prancha (sem correspondência segura no memorial);RALO SECO;TOM001-COZ-PJ-E-R-006-R001;EXTRAÍDO;;2,567;PAR-056;;;não;"XY: centro do símbolo na folha (404.10; 966.00) pt — posição lida no desenho; X=(x−437.74)·0.033888; Y=(1340.42−y)·0.033888 (escala medida, ver premissa P2). Z = PA -2.87 (inferido: PA sem marca no ambiente: adotado o PA −2,87 das marcas M1 (porta da cozinha) e M3 (circulação); PO −3,44 da marca M1) + h 0.00."
SAN-SS-LAVL-003;RS;Ralo seco;SAN-ESG;;1,161;12,688;-2,87;0,0;Subsolo;Lavagem de louças;nº 58 na prancha (sem correspondência segura no memorial);RALO SECO;TOM001-COZ-PJ-E-R-006-R001;EXTRAÍDO;;0,266;PAR-056;5,466;PAR-023;não;"XY: centro do símbolo na folha (472.00; 966.00) pt — posição lida no desenho; X=(x−437.74)·0.033888; Y=(1340.42−y)·0.033888 (escala medida, ver premissa P2). Z = PA -2.87 (inferido: PA sem marca no ambiente: adotado o PA −2,87 das marcas M1 (porta da cozinha) e M3 (circulação); PO −3,44 da marca M1) + h 0.00."
SAN-SS-LAVL-004;RS;Ralo seco;SAN-ESG;;-3,922;12,663;-2,87;0,0;Subsolo;Lavagem de louças;nº 58 na prancha (sem correspondência segura no memorial);RALO SECO;TOM001-COZ-PJ-E-R-006-R001;EXTRAÍDO;;0,183;PAR-055;5,441;PAR-021;não;"XY: centro do símbolo na folha (322.00; 966.75) pt — posição lida no desenho; X=(x−437.74)·0.033888; Y=(1340.42−y)·0.033888 (escala medida, ver premissa P2). Z = PA -2.87 (inferido: PA sem marca no ambiente: adotado o PA −2,87 das marcas M1 (porta da cozinha) e M3 (circulação); PO −3,44 da marca M1) + h 0.00."
SAN-SS-COZ-005;RSIF;Ralo sifonado;SAN-ESG;;8,362;12,197;-2,87;0,0;Subsolo;Cozinha / Montagem;;RALO SIFONADO;TOM001-COZ-PJ-E-R-006-R001;EXTRAÍDO;;2,003;PAR-005;6,715;PAR-056;não;"XY: centro do símbolo na folha (684.50; 980.50) pt — posição lida no desenho; X=(x−437.74)·0.033888; Y=(1340.42−y)·0.033888 (escala medida, ver premissa P2). Z = PA -2.87 (inferido: PA sem marca no ambiente: adotado o PA −2,87 das marcas M1 (porta da cozinha) e M3 (circulação); PO −3,44 da marca M1) + h 0.00."
SAN-SS-COZ-006;RSIF;Ralo sifonado;SAN-ESG;;13,378;12,197;-2,87;0,0;Subsolo;Cozinha / Montagem;;RALO SIFONADO;TOM001-COZ-PJ-E-R-006-R001;EXTRAÍDO;;2,003;PAR-005;8,032;PAR-054;não;"XY: centro do símbolo na folha (832.50; 980.50) pt — posição lida no desenho; X=(x−437.74)·0.033888; Y=(1340.42−y)·0.033888 (escala medida, ver premissa P2). Z = PA -2.87 (inferido: PA sem marca no ambiente: adotado o PA −2,87 das marcas M1 (porta da cozinha) e M3 (circulação); PO −3,44 da marca M1) + h 0.00."
SAN-SS-COZ-007;RSIF;Ralo sifonado;SAN-ESG;;21,24;12,197;-2,87;0,0;Subsolo;Cozinha / Montagem;;RALO SIFONADO;TOM001-COZ-PJ-E-R-006-R001;EXTRAÍDO;;0,171;PAR-054;2,001;PAR-018;não;"XY: centro do símbolo na folha (1064.50; 980.50) pt — posição lida no desenho; X=(x−437.74)·0.033888; Y=(1340.42−y)·0.033888 (escala medida, ver premissa P2). Z = PA -2.87 (inferido: PA sem marca no ambiente: adotado o PA −2,87 das marcas M1 (porta da cozinha) e M3 (circulação); PO −3,44 da marca M1) + h 0.00."
HID-SS-LAVL-002;AF;Ponto de água fria;HID-AF;"3/4""";-3,994;12,15;-0,57;2,3;Subsolo;Lavagem de louças;;"AF 3/4"" H=2,30m ENTRA AQUECEDOR";TOM001-COZ-PJ-E-R-006-R001;EXTRAÍDO;;0,111;PAR-055;4,928;PAR-021;não;"XY: centro do símbolo na folha (319.88; 981.88) pt — ajustado ao centro do círculo vetorial; X=(x−437.74)·0.033888; Y=(1340.42−y)·0.033888 (escala medida, ver premissa P2). Z = PA -2.87 (inferido: PA sem marca no ambiente: adotado o PA −2,87 das marcas M1 (porta da cozinha) e M3 (circulação); PO −3,44 da marca M1) + h 2.30 (texto da prancha: ""AF 3/4"" H=2,30m ENTRA AQUECEDOR"")."
HID-SS-LAVL-003;AF;Ponto de água fria;HID-AF;"3/4""";-1,402;11,676;-1,57;1,3;Subsolo;Lavagem de louças;Mesa de lavagem com cuba (item 40);"AQ+(2x)AF 3/4"" H=1,30m";TOM001-COZ-PJ-E-R-006-R001;EXTRAÍDO;;2,703;PAR-055;;;não;"XY: centro do símbolo na folha (396.38; 995.88) pt — ajustado ao centro do círculo vetorial; X=(x−437.74)·0.033888; Y=(1340.42−y)·0.033888 (escala medida, ver premissa P2). Z = PA -2.87 (inferido: PA sem marca no ambiente: adotado o PA −2,87 das marcas M1 (porta da cozinha) e M3 (circulação); PO −3,44 da marca M1) + h 1.30 (texto da prancha: ""AQ+(2x)AF 3/4"" H=1,30m"")."
HID-SS-LAVL-004;AF;Ponto de água fria;HID-AF;"3/4""";1,309;11,676;-1,57;1,3;Subsolo;Lavagem de louças;Mesa de lavagem com cuba (item 40);"AQ+(2x)AF 3/4"" H=1,30m";TOM001-COZ-PJ-E-R-006-R001;EXTRAÍDO;;0,118;PAR-056;4,454;PAR-023;não;"XY: centro do símbolo na folha (476.38; 995.88) pt — ajustado ao centro do círculo vetorial; X=(x−437.74)·0.033888; Y=(1340.42−y)·0.033888 (escala medida, ver premissa P2). Z = PA -2.87 (inferido: PA sem marca no ambiente: adotado o PA −2,87 das marcas M1 (porta da cozinha) e M3 (circulação); PO −3,44 da marca M1) + h 1.30 (texto da prancha: ""AQ+(2x)AF 3/4"" H=1,30m"")."
SAN-SS-REF-002;RS;Ralo seco;SAN-ESG;;-4,693;11,562;-2,87;0,0;Subsolo;Refeitório;Balcão de distribuição frio (item 45);RALO SECO;TOM001-COZ-PJ-E-R-006-R001;EXTRAÍDO;;0,368;PAR-055;2,638;PAR-002;não;"XY: centro do símbolo na folha (299.25; 999.25) pt — posição lida no desenho; X=(x−437.74)·0.033888; Y=(1340.42−y)·0.033888 (escala medida, ver premissa P2). Z = PA -2.87 (inferido: PA sem marca no ambiente: adotado o PA −2,87 das marcas M1 (porta da cozinha) e M3 (circulação); PO −3,44 da marca M1) + h 0.00."
HID-SS-LAVL-005;AQ;Ponto de água quente;HID-AQ;"3/4""";-1,402;11,481;-1,57;1,3;Subsolo;Lavagem de louças;Mesa de lavagem com cuba (item 40);"AQ+(2x)AF 3/4"" H=1,30m";TOM001-COZ-PJ-E-R-006-R001;EXTRAÍDO;;2,703;PAR-055;;;não;"XY: centro do símbolo na folha (396.38; 1001.62) pt — ajustado ao centro do círculo vetorial; X=(x−437.74)·0.033888; Y=(1340.42−y)·0.033888 (escala medida, ver premissa P2). Z = PA -2.87 (inferido: PA sem marca no ambiente: adotado o PA −2,87 das marcas M1 (porta da cozinha) e M3 (circulação); PO −3,44 da marca M1) + h 1.30 (texto da prancha: ""AQ+(2x)AF 3/4"" H=1,30m"")."
HID-SS-LAVL-006;AQ;Ponto de água quente;HID-AQ;"3/4""";1,309;11,481;-1,57;1,3;Subsolo;Lavagem de louças;Mesa de lavagem com cuba (item 40);"AQ+(2x)AF 3/4"" H=1,30m";TOM001-COZ-PJ-E-R-006-R001;EXTRAÍDO;;0,118;PAR-056;4,259;PAR-023;não;"XY: centro do símbolo na folha (476.38; 1001.62) pt — ajustado ao centro do círculo vetorial; X=(x−437.74)·0.033888; Y=(1340.42−y)·0.033888 (escala medida, ver premissa P2). Z = PA -2.87 (inferido: PA sem marca no ambiente: adotado o PA −2,87 das marcas M1 (porta da cozinha) e M3 (circulação); PO −3,44 da marca M1) + h 1.30 (texto da prancha: ""AQ+(2x)AF 3/4"" H=1,30m"")."
SAN-SS-LAVL-005;ESG;Ponto de esgoto na parede;SAN-ESG;"1.1/2""";-1,147;11,38;-2,42;0,45;Subsolo;Lavagem de louças;Mesa de lavagem com cuba (item 40);"ESG. 1.1/2"" NO PISO H=0,45m";TOM001-COZ-PJ-E-R-006-R001;EXTRAÍDO;;2,574;PAR-056;;;não;"XY: centro do símbolo na folha (403.88; 1004.62) pt — ajustado ao centro do círculo vetorial; X=(x−437.74)·0.033888; Y=(1340.42−y)·0.033888 (escala medida, ver premissa P2). Z = PA -2.87 (inferido: PA sem marca no ambiente: adotado o PA −2,87 das marcas M1 (porta da cozinha) e M3 (circulação); PO −3,44 da marca M1) + h 0.45 (texto da prancha: ""ESG. 1.1/2"" NO PISO H=0,45m"")."
SAN-SS-LAVL-006;ESG;Ponto de esgoto na parede;SAN-ESG;"1.1/2""";0,996;11,38;-2,42;0,45;Subsolo;Lavagem de louças;Mesa de lavagem com cuba (item 40);"ESG. 1.1/2"" H=0,45m";TOM001-COZ-PJ-E-R-006-R001;EXTRAÍDO;;0,431;PAR-056;4,158;PAR-023;não;"XY: centro do símbolo na folha (467.12; 1004.62) pt — ajustado ao centro do círculo vetorial; X=(x−437.74)·0.033888; Y=(1340.42−y)·0.033888 (escala medida, ver premissa P2). Z = PA -2.87 (inferido: PA sem marca no ambiente: adotado o PA −2,87 das marcas M1 (porta da cozinha) e M3 (circulação); PO −3,44 da marca M1) + h 0.45 (texto da prancha: ""ESG. 1.1/2"" H=0,45m"")."
HID-SS-DIST-001;AF;Ponto de água fria;HID-AF;"3/4""";1,75;11,329;-2,27;0,6;Subsolo;Distribuição;Bancada com pia inox (item 15);"AF 3/4"" H=0,60m";TOM001-COZ-PJ-E-R-006-R001;EXTRAÍDO;;0,103;PAR-056;2,871;PAR-003;não;"XY: centro do símbolo na folha (489.38; 1006.12) pt — ajustado ao centro do círculo vetorial; X=(x−437.74)·0.033888; Y=(1340.42−y)·0.033888 (escala medida, ver premissa P2). Z = PA -2.87 (inferido: PA sem marca no ambiente: adotado o PA −2,87 das marcas M1 (porta da cozinha) e M3 (circulação); PO −3,44 da marca M1) + h 0.60 (texto da prancha: ""AF 3/4"" H=0,60m""). Símbolo fora dos polígonos de ambiente (sobre parede); atribuído a Distribuição (a 0.06 m)."
HID-SS-LAVL-007;AF;Ponto de água fria;HID-AF;"3/4""";1,309;11,278;-1,57;1,3;Subsolo;Lavagem de louças;Mesa de lavagem com cuba (item 40);"AQ+(2x)AF 3/4"" H=1,30m";TOM001-COZ-PJ-E-R-006-R001;EXTRAÍDO;;0,118;PAR-056;4,056;PAR-023;não;"XY: centro do símbolo na folha (476.38; 1007.62) pt — ajustado ao centro do círculo vetorial; X=(x−437.74)·0.033888; Y=(1340.42−y)·0.033888 (escala medida, ver premissa P2). Z = PA -2.87 (inferido: PA sem marca no ambiente: adotado o PA −2,87 das marcas M1 (porta da cozinha) e M3 (circulação); PO −3,44 da marca M1) + h 1.30 (texto da prancha: ""AQ+(2x)AF 3/4"" H=1,30m"")."
HID-SS-LAVL-008;AF;Ponto de água fria;HID-AF;"3/4""";-1,402;11,269;-1,57;1,3;Subsolo;Lavagem de louças;Mesa de lavagem com cuba (item 40);"AQ+(2x)AF 3/4"" H=1,30m";TOM001-COZ-PJ-E-R-006-R001;EXTRAÍDO;;2,703;PAR-055;;;não;"XY: centro do símbolo na folha (396.38; 1007.88) pt — ajustado ao centro do círculo vetorial; X=(x−437.74)·0.033888; Y=(1340.42−y)·0.033888 (escala medida, ver premissa P2). Z = PA -2.87 (inferido: PA sem marca no ambiente: adotado o PA −2,87 das marcas M1 (porta da cozinha) e M3 (circulação); PO −3,44 da marca M1) + h 1.30 (texto da prancha: ""AQ+(2x)AF 3/4"" H=1,30m"")."
SAN-SS-DIST-001;ESG;Ponto de esgoto na parede;SAN-ESG;"1.1/2""";2,097;11,227;-2,32;0,55;Subsolo;Distribuição;Bancada com pia inox (item 15);"ESGOTO 1.1/2"" H=0,55m";TOM001-COZ-PJ-E-R-006-R001;EXTRAÍDO;;0,45;PAR-056;2,973;PAR-003;não;"XY: centro do símbolo na folha (499.62; 1009.12) pt — ajustado ao centro do círculo vetorial; X=(x−437.74)·0.033888; Y=(1340.42−y)·0.033888 (escala medida, ver premissa P2). Z = PA -2.87 (inferido: PA sem marca no ambiente: adotado o PA −2,87 das marcas M1 (porta da cozinha) e M3 (circulação); PO −3,44 da marca M1) + h 0.55 (texto da prancha: ""ESGOTO 1.1/2"" H=0,55m"")."
HID-SS-LAVL-009;AF;Ponto de água fria;HID-AF;"3/4""";-1,402;11,075;-2,47;0,4;Subsolo;Lavagem de louças;Lavadora de louças (item 41);"AF 3/4"" H=0,40m P=1,4 ATM";TOM001-COZ-PJ-E-R-006-R001;EXTRAÍDO;;2,703;PAR-055;;;não;"XY: centro do símbolo na folha (396.38; 1013.62) pt — ajustado ao centro do círculo vetorial; X=(x−437.74)·0.033888; Y=(1340.42−y)·0.033888 (escala medida, ver premissa P2). Z = PA -2.87 (inferido: PA sem marca no ambiente: adotado o PA −2,87 das marcas M1 (porta da cozinha) e M3 (circulação); PO −3,44 da marca M1) + h 0.40 (texto da prancha: ""AF 3/4"" H=0,40m P=1,4 ATM"")."
HID-SS-LAVL-010;AF;Ponto de água fria;HID-AF;"3/4""";1,309;11,075;-2,47;0,4;Subsolo;Lavagem de louças;Lavadora de louças (item 41);"AF 3/4"" H=0,40m P=1,4 ATM";TOM001-COZ-PJ-E-R-006-R001;EXTRAÍDO;;0,118;PAR-056;3,852;PAR-023;não;"XY: centro do símbolo na folha (476.38; 1013.62) pt — ajustado ao centro do círculo vetorial; X=(x−437.74)·0.033888; Y=(1340.42−y)·0.033888 (escala medida, ver premissa P2). Z = PA -2.87 (inferido: PA sem marca no ambiente: adotado o PA −2,87 das marcas M1 (porta da cozinha) e M3 (circulação); PO −3,44 da marca M1) + h 0.40 (texto da prancha: ""AF 3/4"" H=0,40m P=1,4 ATM"")."
HID-SS-LAVL-011;AQ;Ponto de água quente;HID-AQ;"3/4""";-3,994;11,049;-0,12;2,75;Subsolo;Lavagem de louças;;"""AF 3/4"" H=2,75m SAI AQUECEDOR"" (simbolo de AQ)";TOM001-COZ-PJ-E-R-006-R001;EXTRAÍDO;;0,111;PAR-055;3,826;PAR-021;não;"XY: centro do símbolo na folha (319.88; 1014.38) pt — ajustado ao centro do círculo vetorial; X=(x−437.74)·0.033888; Y=(1340.42−y)·0.033888 (escala medida, ver premissa P2). Z = PA -2.87 (inferido: PA sem marca no ambiente: adotado o PA −2,87 das marcas M1 (porta da cozinha) e M3 (circulação); PO −3,44 da marca M1) + h 2.75 (texto da prancha: """"AF 3/4"" H=2,75m SAI AQUECEDOR"" (simbolo de AQ)"")."
SAN-SS-LAVL-007;RSIF;Ralo sifonado;SAN-ESG;;-0,516;10,952;-2,87;0,0;Subsolo;Lavagem de louças;;ralo sifonado (simbolo);TOM001-COZ-PJ-E-R-006-R001;EXTRAÍDO;;1,943;PAR-056;3,73;PAR-022;não;"XY: centro do símbolo na folha (422.50; 1017.25) pt — posição lida no desenho; X=(x−437.74)·0.033888; Y=(1340.42−y)·0.033888 (escala medida, ver premissa P2). Z = PA -2.87 (inferido: PA sem marca no ambiente: adotado o PA −2,87 das marcas M1 (porta da cozinha) e M3 (circulação); PO −3,44 da marca M1) + h 0.00."
SAN-SS-LAVL-008;RSIF;Ralo sifonado;SAN-ESG;;0,514;10,952;-2,87;0,0;Subsolo;Lavagem de louças;;ralo sifonado (simbolo);TOM001-COZ-PJ-E-R-006-R001;EXTRAÍDO;;0,913;PAR-056;3,73;PAR-030;não;"XY: centro do símbolo na folha (452.90; 1017.25) pt — posição lida no desenho; X=(x−437.74)·0.033888; Y=(1340.42−y)·0.033888 (escala medida, ver premissa P2). Z = PA -2.87 (inferido: PA sem marca no ambiente: adotado o PA −2,87 das marcas M1 (porta da cozinha) e M3 (circulação); PO −3,44 da marca M1) + h 0.00."
SAN-SS-LAVL-009;ESGI;Saída de esgoto indireto;SAN-ESG;"1.1/2""";-1,08;10,947;-2,72;0,15;Subsolo;Lavagem de louças;Lavadora de louças (item 41);"ESG. INDIRETO 1.1/2"" DESCARREGA SOBRE CANALETA AQ@93°C";TOM001-COZ-PJ-E-R-006-R001;INFERIDO;Altura não cotada: saída da lavadora (68×71×142 cm, memorial item 41) adotada a 0,15 m do piso (valor usual de mercado).;2,507;PAR-056;;;não;"XY: centro do símbolo na folha (405.88; 1017.38) pt — ajustado ao centro do círculo vetorial; X=(x−437.74)·0.033888; Y=(1340.42−y)·0.033888 (escala medida, ver premissa P2). Z = PA -2.87 (inferido: PA sem marca no ambiente: adotado o PA −2,87 das marcas M1 (porta da cozinha) e M3 (circulação); PO −3,44 da marca M1) + h 0.15."
SAN-SS-LAVL-010;ESGI;Saída de esgoto indireto;SAN-ESG;"1.1/2""";1,08;10,947;-2,72;0,15;Subsolo;Lavagem de louças;Lavadora de louças (item 41);"ESG. INDIRETO 1.1/2"" DESCARREGA SOBRE CANALETA AQ@93°C";TOM001-COZ-PJ-E-R-006-R001;INFERIDO;Altura não cotada: saída da lavadora (68×71×142 cm, memorial item 41) adotada a 0,15 m do piso (valor usual de mercado).;0,347;PAR-056;3,724;PAR-023;não;"XY: centro do símbolo na folha (469.62; 1017.38) pt — ajustado ao centro do círculo vetorial; X=(x−437.74)·0.033888; Y=(1340.42−y)·0.033888 (escala medida, ver premissa P2). Z = PA -2.87 (inferido: PA sem marca no ambiente: adotado o PA −2,87 das marcas M1 (porta da cozinha) e M3 (circulação); PO −3,44 da marca M1) + h 0.15."
SAN-SS-LAVL-011;RSIF;Ralo sifonado;SAN-ESG;;-2,74;10,943;-2,87;0,0;Subsolo;Lavagem de louças;;RALO SIFONADO;TOM001-COZ-PJ-E-R-006-R001;EXTRAÍDO;;1,365;PAR-055;3,72;PAR-021;não;"XY: centro do símbolo na folha (356.90; 1017.50) pt — posição lida no desenho; X=(x−437.74)·0.033888; Y=(1340.42−y)·0.033888 (escala medida, ver premissa P2). Z = PA -2.87 (inferido: PA sem marca no ambiente: adotado o PA −2,87 das marcas M1 (porta da cozinha) e M3 (circulação); PO −3,44 da marca M1) + h 0.00."
HID-SS-LAVL-012;AF;Ponto de água fria;HID-AF;"3/4""";-3,994;10,905;-1,57;1,3;Subsolo;Lavagem de louças;Tampo / pia inox (item 07);"(2x)AQ+(3x)AF 3/4"" H=1,30m";TOM001-COZ-PJ-E-R-006-R001;EXTRAÍDO;;0,111;PAR-055;3,682;PAR-021;não;"XY: centro do símbolo na folha (319.88; 1018.62) pt — ajustado ao centro do círculo vetorial; X=(x−437.74)·0.033888; Y=(1340.42−y)·0.033888 (escala medida, ver premissa P2). Z = PA -2.87 (inferido: PA sem marca no ambiente: adotado o PA −2,87 das marcas M1 (porta da cozinha) e M3 (circulação); PO −3,44 da marca M1) + h 1.30 (texto da prancha: ""(2x)AQ+(3x)AF 3/4"" H=1,30m"")."
SAN-SS-REF-003;RS;Ralo seco;SAN-ESG;;-4,685;10,757;-2,87;0,0;Subsolo;Refeitório;Balcão de distribuição quente (item 44);RALO SECO P/AQ @ 85°C;TOM001-COZ-PJ-E-R-006-R001;EXTRAÍDO;;0,36;PAR-055;3,443;PAR-002;não;"XY: centro do símbolo na folha (299.50; 1023.00) pt — posição lida no desenho; X=(x−437.74)·0.033888; Y=(1340.42−y)·0.033888 (escala medida, ver premissa P2). Z = PA -2.87 (inferido: PA sem marca no ambiente: adotado o PA −2,87 das marcas M1 (porta da cozinha) e M3 (circulação); PO −3,44 da marca M1) + h 0.00."
HID-SS-LAVL-013;AQ;Ponto de água quente;HID-AQ;"3/4""";-3,994;10,702;-1,57;1,3;Subsolo;Lavagem de louças;Tampo / pia inox (item 07);"(2x)AQ+(3x)AF 3/4"" H=1,30m";TOM001-COZ-PJ-E-R-006-R001;EXTRAÍDO;;0,111;PAR-055;3,48;PAR-021;não;"XY: centro do símbolo na folha (319.88; 1024.62) pt — ajustado ao centro do círculo vetorial; X=(x−437.74)·0.033888; Y=(1340.42−y)·0.033888 (escala medida, ver premissa P2). Z = PA -2.87 (inferido: PA sem marca no ambiente: adotado o PA −2,87 das marcas M1 (porta da cozinha) e M3 (circulação); PO −3,44 da marca M1) + h 1.30 (texto da prancha: ""(2x)AQ+(3x)AF 3/4"" H=1,30m"")."
HID-SS-LAVL-014;AF;Ponto de água fria;HID-AF;"3/4""";-4,41;10,414;-2,57;0,3;Subsolo;Lavagem de louças;Balcão de distribuição quente (item 44);"AF 3/4"" H=0,30m";TOM001-COZ-PJ-E-R-006-R001;EXTRAÍDO;;0,085;PAR-055;3,786;PAR-002;não;"XY: centro do símbolo na folha (307.62; 1033.12) pt — ajustado ao centro do círculo vetorial; X=(x−437.74)·0.033888; Y=(1340.42−y)·0.033888 (escala medida, ver premissa P2). Z = PA -2.87 (inferido: PA sem marca no ambiente: adotado o PA −2,87 das marcas M1 (porta da cozinha) e M3 (circulação); PO −3,44 da marca M1) + h 0.30 (texto da prancha: ""AF 3/4"" H=0,30m""). Símbolo fora dos polígonos de ambiente (sobre parede); atribuído a Lavagem de louças (a 0.12 m)."
SAN-SS-LAVL-012;RS;Ralo seco;SAN-ESG;;-4,309;10,35;-2,87;0,0;Subsolo;Lavagem de louças;Balcão de distribuição quente (item 44);ralo seco (simbolo sem texto proprio);TOM001-COZ-PJ-E-R-006-R001;EXTRAÍDO;;4,903;PAR-044;;;sim;"XY: centro do símbolo na folha (310.60; 1035.00) pt — posição lida no desenho; X=(x−437.74)·0.033888; Y=(1340.42−y)·0.033888 (escala medida, ver premissa P2). Z = PA -2.87 (inferido: PA sem marca no ambiente: adotado o PA −2,87 das marcas M1 (porta da cozinha) e M3 (circulação); PO −3,44 da marca M1) + h 0.00. Símbolo fora dos polígonos de ambiente (sobre parede); atribuído a Lavagem de louças (a 0.01 m)."
GAS-SS-COZ-010;GAS;Ponto de gás;GAS;;9,476;10,295;-2,57;0,3;Subsolo;Cozinha / Montagem;Fogão a gás (item 01);(2x) GAS 26.400 kcal/h H=0,30m;TOM001-COZ-PJ-E-R-006-R001;EXTRAÍDO;;3,073;PAR-025;7,829;PAR-056;não;"XY: centro do símbolo na folha (717.38; 1036.62) pt — ajustado ao centro do círculo vetorial; X=(x−437.74)·0.033888; Y=(1340.42−y)·0.033888 (escala medida, ver premissa P2). Z = PA -2.87 (inferido: PA sem marca no ambiente: adotado o PA −2,87 das marcas M1 (porta da cozinha) e M3 (circulação); PO −3,44 da marca M1) + h 0.30 (texto da prancha: ""(2x) GAS 26.400 kcal/h H=0,30m"")."
HID-SS-LAVL-015;AF;Ponto de água fria;HID-AF;"3/4""";-3,994;10,202;-1,57;1,3;Subsolo;Lavagem de louças;Tampo / pia inox (item 07);"(2x)AQ+(3x)AF 3/4"" H=1,30m";TOM001-COZ-PJ-E-R-006-R001;EXTRAÍDO;;0,111;PAR-055;2,98;PAR-021;não;"XY: centro do símbolo na folha (319.88; 1039.38) pt — ajustado ao centro do círculo vetorial; X=(x−437.74)·0.033888; Y=(1340.42−y)·0.033888 (escala medida, ver premissa P2). Z = PA -2.87 (inferido: PA sem marca no ambiente: adotado o PA −2,87 das marcas M1 (porta da cozinha) e M3 (circulação); PO −3,44 da marca M1) + h 1.30 (texto da prancha: ""(2x)AQ+(3x)AF 3/4"" H=1,30m"")."
SAN-SS-COZ-008;ESG;Ponto de esgoto na parede;SAN-ESG;"1.1/2""";14,017;10,032;-2,07;0,8;Subsolo;Cozinha / Montagem;Tampo / pia inox (item 07);"ESGOTO 1.1/2"" H=0,80m";TOM001-COZ-PJ-E-R-006-R001;EXTRAÍDO;;2,81;PAR-026;7,393;PAR-065;não;"XY: centro do símbolo na folha (851.38; 1044.38) pt — ajustado ao centro do círculo vetorial; X=(x−437.74)·0.033888; Y=(1340.42−y)·0.033888 (escala medida, ver premissa P2). Z = PA -2.87 (inferido: PA sem marca no ambiente: adotado o PA −2,87 das marcas M1 (porta da cozinha) e M3 (circulação); PO −3,44 da marca M1) + h 0.80 (texto da prancha: ""ESGOTO 1.1/2"" H=0,80m"")."
SAN-SS-COZ-009;RS;Ralo seco;SAN-ESG;;14,886;10,011;-2,87;0,0;Subsolo;Cozinha / Montagem;;RALO SECO;TOM001-COZ-PJ-E-R-006-R001;EXTRAÍDO;;2,788;PAR-026;3,169;PAR-091;não;"XY: centro do símbolo na folha (877.00; 1045.00) pt — posição lida no desenho; X=(x−437.74)·0.033888; Y=(1340.42−y)·0.033888 (escala medida, ver premissa P2). Z = PA -2.87 (inferido: PA sem marca no ambiente: adotado o PA −2,87 das marcas M1 (porta da cozinha) e M3 (circulação); PO −3,44 da marca M1) + h 0.00."
HID-SS-LAVL-016;AQ;Ponto de água quente;HID-AQ;"3/4""";-3,994;9,998;-1,57;1,3;Subsolo;Lavagem de louças;Tampo / pia inox (item 07);"(2x)AQ+(3x)AF 3/4"" H=1,30m";TOM001-COZ-PJ-E-R-006-R001;EXTRAÍDO;;0,111;PAR-055;2,775;PAR-021;não;"XY: centro do símbolo na folha (319.88; 1045.38) pt — ajustado ao centro do círculo vetorial; X=(x−437.74)·0.033888; Y=(1340.42−y)·0.033888 (escala medida, ver premissa P2). Z = PA -2.87 (inferido: PA sem marca no ambiente: adotado o PA −2,87 das marcas M1 (porta da cozinha) e M3 (circulação); PO −3,44 da marca M1) + h 1.30 (texto da prancha: ""(2x)AQ+(3x)AF 3/4"" H=1,30m"")."
SAN-SS-COZ-010;RS;Ralo seco;SAN-ESG;;9,353;9,901;-2,87;0,0;Subsolo;Cozinha / Montagem;Banho-maria elétrico (item 02);RALO SECO P/AQ @ 85°C;TOM001-COZ-PJ-E-R-006-R001;EXTRAÍDO;;2,679;PAR-025;7,706;PAR-056;não;"XY: centro do símbolo na folha (713.75; 1048.25) pt — posição lida no desenho; X=(x−437.74)·0.033888; Y=(1340.42−y)·0.033888 (escala medida, ver premissa P2). Z = PA -2.87 (inferido: PA sem marca no ambiente: adotado o PA −2,87 das marcas M1 (porta da cozinha) e M3 (circulação); PO −3,44 da marca M1) + h 0.00."
HID-SS-COZ-008;AF;Ponto de água fria;HID-AF;"3/4""";9,205;9,897;-2,67;0,2;Subsolo;Cozinha / Montagem;Banho-maria elétrico (item 02);"AF 3/4"" H=0,20m";TOM001-COZ-PJ-E-R-006-R001;EXTRAÍDO;;2,675;PAR-025;7,558;PAR-056;não;"XY: centro do símbolo na folha (709.38; 1048.38) pt — ajustado ao centro do círculo vetorial; X=(x−437.74)·0.033888; Y=(1340.42−y)·0.033888 (escala medida, ver premissa P2). Z = PA -2.87 (inferido: PA sem marca no ambiente: adotado o PA −2,87 das marcas M1 (porta da cozinha) e M3 (circulação); PO −3,44 da marca M1) + h 0.20 (texto da prancha: ""AF 3/4"" H=0,20m"")."
HID-SS-LAVL-017;AF;Ponto de água fria;HID-AF;"3/4""";-3,994;9,855;-1,57;1,3;Subsolo;Lavagem de louças;Tampo / pia inox (item 07);"(2x)AQ+(3x)AF 3/4"" H=1,30m";TOM001-COZ-PJ-E-R-006-R001;EXTRAÍDO;;0,111;PAR-055;2,633;PAR-021;não;"XY: centro do símbolo na folha (319.88; 1049.62) pt — ajustado ao centro do círculo vetorial; X=(x−437.74)·0.033888; Y=(1340.42−y)·0.033888 (escala medida, ver premissa P2). Z = PA -2.87 (inferido: PA sem marca no ambiente: adotado o PA −2,87 das marcas M1 (porta da cozinha) e M3 (circulação); PO −3,44 da marca M1) + h 1.30 (texto da prancha: ""(2x)AQ+(3x)AF 3/4"" H=1,30m"")."
HID-SS-COZ-009;AF;Ponto de água fria;HID-AF;"3/4""";14,119;9,795;-2,22;0,65;Subsolo;Cozinha / Montagem;Tampo / pia inox (item 07);"AF 3/4"" H=0,65m";TOM001-COZ-PJ-E-R-006-R001;EXTRAÍDO;;2,573;PAR-026;3,936;PAR-091;não;"XY: centro do símbolo na folha (854.38; 1051.38) pt — ajustado ao centro do círculo vetorial; X=(x−437.74)·0.033888; Y=(1340.42−y)·0.033888 (escala medida, ver premissa P2). Z = PA -2.87 (inferido: PA sem marca no ambiente: adotado o PA −2,87 das marcas M1 (porta da cozinha) e M3 (circulação); PO −3,44 da marca M1) + h 0.65 (texto da prancha: ""AF 3/4"" H=0,65m"")."
SAN-SS-GELO-001;RSIF;Ralo sifonado;SAN-ESG;;22,333;9,647;-2,87;0,0;Subsolo;Gelo;Fabricador de gelo (item 49);RALO SIFON. P/AF @ 1°C;TOM001-COZ-PJ-E-R-006-R001;EXTRAÍDO;;0,668;PAR-017;0,703;PAR-065;não;"XY: centro do símbolo na folha (1096.75; 1055.75) pt — posição lida no desenho; X=(x−437.74)·0.033888; Y=(1340.42−y)·0.033888 (escala medida, ver premissa P2). Z = PA -2.87 (extraído: marca M6 na circulação contígua (−2,87 / −3,24)) + h 0.00."
HID-SS-DIST-002;AF;Ponto de água fria;HID-AF;"3/4""";1,75;9,422;-1,67;1,2;Subsolo;Distribuição;Máquina de café (item 47);"AF 3/4"" H=1,20m";TOM001-COZ-PJ-E-R-006-R001;EXTRAÍDO;;0,103;PAR-056;2,2;PAR-024;não;"XY: centro do símbolo na folha (489.38; 1062.38) pt — ajustado ao centro do círculo vetorial; X=(x−437.74)·0.033888; Y=(1340.42−y)·0.033888 (escala medida, ver premissa P2). Z = PA -2.87 (inferido: PA sem marca no ambiente: adotado o PA −2,87 das marcas M1 (porta da cozinha) e M3 (circulação); PO −3,44 da marca M1) + h 1.20 (texto da prancha: ""AF 3/4"" H=1,20m""). Símbolo fora dos polígonos de ambiente (sobre parede); atribuído a Distribuição (a 0.06 m)."
SAN-SS-LAVL-013;ESG;Ponto de esgoto no piso;SAN-ESG;"2""";-3,732;9,151;-2,82;0,05;Subsolo;Lavagem de louças;Caixa retentora de detritos (item 20);"ESGOTO 2"" NO PISO H=0,05m";TOM001-COZ-PJ-E-R-006-R001;EXTRAÍDO;;0,373;PAR-055;1,929;PAR-021;não;"XY: centro do símbolo na folha (327.62; 1070.38) pt — ajustado ao centro do círculo vetorial; X=(x−437.74)·0.033888; Y=(1340.42−y)·0.033888 (escala medida, ver premissa P2). Z = PA -2.87 (inferido: PA sem marca no ambiente: adotado o PA −2,87 das marcas M1 (porta da cozinha) e M3 (circulação); PO −3,44 da marca M1) + h 0.05 (texto da prancha: ""ESGOTO 2"" NO PISO H=0,05m"")."
HID-SS-GELO-001;AF;Ponto de água fria;HID-AF;"3/4""";21,735;9,109;-1,87;1,0;Subsolo;Gelo;Fabricador de gelo (item 49);"AF 3/4"" H=1,00m";TOM001-COZ-PJ-E-R-006-R001;EXTRAÍDO;;0,105;PAR-065;1,206;PAR-017;não;"XY: centro do símbolo na folha (1079.12; 1071.62) pt — ajustado ao centro do círculo vetorial; X=(x−437.74)·0.033888; Y=(1340.42−y)·0.033888 (escala medida, ver premissa P2). Z = PA -2.87 (extraído: marca M6 na circulação contígua (−2,87 / −3,24)) + h 1.00 (texto da prancha: ""AF 3/4"" H=1,00m"")."
GAS-SS-COZ-011;GAS;Ponto de gás;GAS;;12,975;9,058;-2,57;0,3;Subsolo;Cozinha / Montagem;Fogão a gás (item 01);(2x) GAS 26.400 kcal/h H=0,30m;TOM001-COZ-PJ-E-R-006-R001;EXTRAÍDO;;1,836;PAR-031;5,08;PAR-091;não;"XY: centro do símbolo na folha (820.62; 1073.12) pt — ajustado ao centro do círculo vetorial; X=(x−437.74)·0.033888; Y=(1340.42−y)·0.033888 (escala medida, ver premissa P2). Z = PA -2.87 (inferido: PA sem marca no ambiente: adotado o PA −2,87 das marcas M1 (porta da cozinha) e M3 (circulação); PO −3,44 da marca M1) + h 0.30 (texto da prancha: ""(2x) GAS 26.400 kcal/h H=0,30m"")."
SAN-SS-COZ-011;ESG;Ponto de esgoto na parede;SAN-ESG;"1.1/2""";17,813;9,058;-2,32;0,55;Subsolo;Cozinha / Montagem;Pia lavatório de mãos (item 24);"ESGOTO 1.1/2"" H=0,55m";TOM001-COZ-PJ-E-R-006-R001;EXTRAÍDO;;0,242;PAR-091;3,8;PAR-104;não;"XY: centro do símbolo na folha (963.38; 1073.12) pt — ajustado ao centro do círculo vetorial; X=(x−437.74)·0.033888; Y=(1340.42−y)·0.033888 (escala medida, ver premissa P2). Z = PA -2.87 (inferido: PA sem marca no ambiente: adotado o PA −2,87 das marcas M1 (porta da cozinha) e M3 (circulação); PO −3,44 da marca M1) + h 0.55 (texto da prancha: ""ESGOTO 1.1/2"" H=0,55m"")."
HID-SS-COZ-010;AF;Ponto de água fria;HID-AF;"3/4""";17,965;8,957;-2,27;0,6;Subsolo;Cozinha / Montagem;Pia lavatório de mãos (item 24);"AF 3/4"" H=0,60m";TOM001-COZ-PJ-E-R-006-R001;EXTRAÍDO;;0,09;PAR-091;3,699;PAR-104;não;"XY: centro do símbolo na folha (967.88; 1076.12) pt — ajustado ao centro do círculo vetorial; X=(x−437.74)·0.033888; Y=(1340.42−y)·0.033888 (escala medida, ver premissa P2). Z = PA -2.87 (inferido: PA sem marca no ambiente: adotado o PA −2,87 das marcas M1 (porta da cozinha) e M3 (circulação); PO −3,44 da marca M1) + h 0.60 (texto da prancha: ""AF 3/4"" H=0,60m"")."
SAN-SS-GELO-002;RSIF;Ralo sifonado;SAN-ESG;;22,722;8,766;-2,87;0,0;Subsolo;Gelo;;RALO SIFONADO (Gelo);TOM001-COZ-PJ-E-R-006-R001;EXTRAÍDO;;1,092;PAR-065;1,544;PAR-034;não;"XY: centro do símbolo na folha (1108.25; 1081.75) pt — posição lida no desenho; X=(x−437.74)·0.033888; Y=(1340.42−y)·0.033888 (escala medida, ver premissa P2). Z = PA -2.87 (extraído: marca M6 na circulação contígua (−2,87 / −3,24)) + h 0.00."
SAN-SS-LAVP-001;RSIF;Ralo sifonado;SAN-ESG;;21,248;8,537;-2,87;0,0;Subsolo;Lavagem de panelas;;RALO SIFONADO (Lav. panelas);TOM001-COZ-PJ-E-R-006-R001;EXTRAÍDO;;0,162;PAR-065;1,315;PAR-033;não;"XY: centro do símbolo na folha (1064.75; 1088.50) pt — posição lida no desenho; X=(x−437.74)·0.033888; Y=(1340.42−y)·0.033888 (escala medida, ver premissa P2). Z = PA -2.87 (inferido: PA sem marca no ambiente: adotado o PA −2,87 das marcas M1 (porta da cozinha) e M3 (circulação); PO −3,44 da marca M1) + h 0.00."
SAN-SS-COZ-012;RSIF;Ralo sifonado;SAN-ESG;;8,362;8,529;-2,87;0,0;Subsolo;Cozinha / Montagem;;RALO SIFONADO;TOM001-COZ-PJ-E-R-006-R001;EXTRAÍDO;;1,307;PAR-025;6,715;PAR-056;não;"XY: centro do símbolo na folha (684.50; 1088.75) pt — posição lida no desenho; X=(x−437.74)·0.033888; Y=(1340.42−y)·0.033888 (escala medida, ver premissa P2). Z = PA -2.87 (inferido: PA sem marca no ambiente: adotado o PA −2,87 das marcas M1 (porta da cozinha) e M3 (circulação); PO −3,44 da marca M1) + h 0.00."
SAN-SS-COZ-013;RSIF;Ralo sifonado;SAN-ESG;;13,378;8,529;-2,87;0,0;Subsolo;Cozinha / Montagem;;RALO SIFONADO;TOM001-COZ-PJ-E-R-006-R001;EXTRAÍDO;;1,307;PAR-026;8,032;PAR-065;não;"XY: centro do símbolo na folha (832.50; 1088.75) pt — posição lida no desenho; X=(x−437.74)·0.033888; Y=(1340.42−y)·0.033888 (escala medida, ver premissa P2). Z = PA -2.87 (inferido: PA sem marca no ambiente: adotado o PA −2,87 das marcas M1 (porta da cozinha) e M3 (circulação); PO −3,44 da marca M1) + h 0.00."
SAN-SS-DIST-002;ESG;Ponto de esgoto na parede;SAN-ESG;"1.1/2""";1,876;8,378;-2,32;0,55;Subsolo;Distribuição;Pia lavatório de mãos (item 24);"ESGOTO 1.1/2"" H=0,55m";TOM001-COZ-PJ-E-R-006-R001;EXTRAÍDO;;0,229;PAR-056;1,156;PAR-024;não;"XY: centro do símbolo na folha (493.10; 1093.20) pt — posição lida no desenho; X=(x−437.74)·0.033888; Y=(1340.42−y)·0.033888 (escala medida, ver premissa P2). Z = PA -2.87 (inferido: PA sem marca no ambiente: adotado o PA −2,87 das marcas M1 (porta da cozinha) e M3 (circulação); PO −3,44 da marca M1) + h 0.55 (texto da prancha: ""ESGOTO 1.1/2"" H=0,55m"")."
HID-SS-LAVL-018;AF;Ponto de água fria;HID-AF;"3/4""";1,733;8,355;-2,27;0,6;Subsolo;Lavagem de louças;Pia lavatório de mãos (item 24);"AF 3/4"" H=0,60m";TOM001-COZ-PJ-E-R-006-R001;EXTRAÍDO;;0,086;PAR-056;1,133;PAR-024;não;"XY: centro do símbolo na folha (488.88; 1093.88) pt — ajustado ao centro do círculo vetorial; X=(x−437.74)·0.033888; Y=(1340.42−y)·0.033888 (escala medida, ver premissa P2). Z = PA -2.87 (inferido: PA sem marca no ambiente: adotado o PA −2,87 das marcas M1 (porta da cozinha) e M3 (circulação); PO −3,44 da marca M1) + h 0.60 (texto da prancha: ""AF 3/4"" H=0,60m""). Símbolo fora dos polígonos de ambiente (sobre parede); atribuído a Lavagem de louças (a 0.06 m)."
SAN-SS-REF-004;RSIF;Ralo sifonado;SAN-ESG;;-4,456;7,961;-2,87;0,0;Subsolo;Refeitório;;RALO SIFONADO;TOM001-COZ-PJ-E-R-006-R001;EXTRAÍDO;;0,131;PAR-055;2,514;PAR-044;não;"XY: centro do símbolo na folha (306.25; 1105.50) pt — posição lida no desenho; X=(x−437.74)·0.033888; Y=(1340.42−y)·0.033888 (escala medida, ver premissa P2). Z = PA -2.87 (inferido: PA sem marca no ambiente: adotado o PA −2,87 das marcas M1 (porta da cozinha) e M3 (circulação); PO −3,44 da marca M1) + h 0.00. Símbolo fora dos polígonos de ambiente (sobre parede); atribuído a Refeitório (a 0.11 m)."
SAN-SS-GELO-003;RSIF;Ralo sifonado;SAN-ESG;;22,333;7,876;-2,87;0,0;Subsolo;Gelo;Fabricador de gelo (item 49);RALO SIFON. P/AF @ 1°C;TOM001-COZ-PJ-E-R-006-R001;EXTRAÍDO;;0,654;PAR-034;0,703;PAR-065;não;"XY: centro do símbolo na folha (1096.75; 1108.00) pt — posição lida no desenho; X=(x−437.74)·0.033888; Y=(1340.42−y)·0.033888 (escala medida, ver premissa P2). Z = PA -2.87 (extraído: marca M6 na circulação contígua (−2,87 / −3,24)) + h 0.00."
HID-SS-LAVL-019;AF;Ponto de água fria;HID-AF;"3/4""";-4,418;7,72;-2,07;0,8;Subsolo;Lavagem de louças;Bebedouro (item 48);"AF 3/4"" H=0,80m";TOM001-COZ-PJ-E-R-006-R001;EXTRAÍDO;;0,093;PAR-055;2,273;PAR-044;não;"XY: centro do símbolo na folha (307.38; 1112.62) pt — ajustado ao centro do círculo vetorial; X=(x−437.74)·0.033888; Y=(1340.42−y)·0.033888 (escala medida, ver premissa P2). Z = PA -2.87 (inferido: PA sem marca no ambiente: adotado o PA −2,87 das marcas M1 (porta da cozinha) e M3 (circulação); PO −3,44 da marca M1) + h 0.80 (texto da prancha: ""AF 3/4"" H=0,80m""). Símbolo fora dos polígonos de ambiente (sobre parede); atribuído a Lavagem de louças (a 0.12 m)."
SAN-SS-COZ-014;ESG;Ponto de esgoto na parede;SAN-ESG;"1.1/2""";10,298;7,635;-2,42;0,45;Subsolo;Cozinha / Montagem;Tampo / pia inox (item 07);"ESGOTO 1.1/2"" H=0,45m";TOM001-COZ-PJ-E-R-006-R001;EXTRAÍDO;;0,413;PAR-025;7,757;PAR-067;não;"XY: centro do símbolo na folha (741.62; 1115.12) pt — ajustado ao centro do círculo vetorial; X=(x−437.74)·0.033888; Y=(1340.42−y)·0.033888 (escala medida, ver premissa P2). Z = PA -2.87 (inferido: PA sem marca no ambiente: adotado o PA −2,87 das marcas M1 (porta da cozinha) e M3 (circulação); PO −3,44 da marca M1) + h 0.45 (texto da prancha: ""ESGOTO 1.1/2"" H=0,45m"")."
HID-SS-LAVP-001;AF;Ponto de água fria;HID-AF;"3/4""";18,363;7,635;-1,67;1,2;Subsolo;Lavagem de panelas;nº 25 na prancha (sem correspondência segura no memorial);"AF 3/4"" H=1,20m";TOM001-COZ-PJ-E-R-006-R001;EXTRAÍDO;;0,088;PAR-067;0,413;PAR-027;não;"XY: centro do símbolo na folha (979.62; 1115.12) pt — ajustado ao centro do círculo vetorial; X=(x−437.74)·0.033888; Y=(1340.42−y)·0.033888 (escala medida, ver premissa P2). Z = PA -2.87 (inferido: PA sem marca no ambiente: adotado o PA −2,87 das marcas M1 (porta da cozinha) e M3 (circulação); PO −3,44 da marca M1) + h 1.20 (texto da prancha: ""AF 3/4"" H=1,20m"")."
SAN-SS-COZ-015;ESG;Ponto de esgoto na parede;SAN-ESG;"1.1/2""";14,11;7,626;-2,42;0,45;Subsolo;Cozinha / Montagem;Tampo / pia inox (item 07);"ESGOTO 1.1/2"" H=0,45m";TOM001-COZ-PJ-E-R-006-R001;EXTRAÍDO;;0,404;PAR-026;3,945;PAR-067;não;"XY: centro do símbolo na folha (854.12; 1115.38) pt — ajustado ao centro do círculo vetorial; X=(x−437.74)·0.033888; Y=(1340.42−y)·0.033888 (escala medida, ver premissa P2). Z = PA -2.87 (inferido: PA sem marca no ambiente: adotado o PA −2,87 das marcas M1 (porta da cozinha) e M3 (circulação); PO −3,44 da marca M1) + h 0.45 (texto da prancha: ""ESGOTO 1.1/2"" H=0,45m"")."
SAN-SS-LAVL-014;RS;Ralo seco;SAN-ESG;;-4,371;7,622;-2,87;0,0;Subsolo;Lavagem de louças;Bebedouro (item 48);RALO SECO;TOM001-COZ-PJ-E-R-006-R001;EXTRAÍDO;;0,046;PAR-055;2,175;PAR-044;não;"XY: centro do símbolo na folha (308.75; 1115.50) pt — posição lida no desenho; X=(x−437.74)·0.033888; Y=(1340.42−y)·0.033888 (escala medida, ver premissa P2). Z = PA -2.87 (inferido: PA sem marca no ambiente: adotado o PA −2,87 das marcas M1 (porta da cozinha) e M3 (circulação); PO −3,44 da marca M1) + h 0.00. Símbolo fora dos polígonos de ambiente (sobre parede); atribuído a Lavagem de louças (a 0.08 m)."
SAN-SS-LAVP-002;ESG;Ponto de esgoto no piso;SAN-ESG;"2""";21,074;7,609;-2,82;0,05;Subsolo;Lavagem de panelas;Caixa retentora de detritos (item 20);"ESGOTO 2"" NO PISO H=0,05m";TOM001-COZ-PJ-E-R-006-R001;EXTRAÍDO;;0,336;PAR-065;0,387;PAR-033;não;"XY: centro do símbolo na folha (1059.62; 1115.88) pt — ajustado ao centro do círculo vetorial; X=(x−437.74)·0.033888; Y=(1340.42−y)·0.033888 (escala medida, ver premissa P2). Z = PA -2.87 (inferido: PA sem marca no ambiente: adotado o PA −2,87 das marcas M1 (porta da cozinha) e M3 (circulação); PO −3,44 da marca M1) + h 0.05 (texto da prancha: ""ESGOTO 2"" NO PISO H=0,05m"")."
HID-SS-LAVP-002;AQ;Ponto de água quente;HID-AQ;"3/4""";19,524;7,491;-0,12;2,75;Subsolo;Lavagem de panelas;;"""AF 3/4"" H=2,75m SAI AQUECEDOR"" (simbolo de AQ)";TOM001-COZ-PJ-E-R-006-R001;EXTRAÍDO;;0,269;PAR-027;1,249;PAR-067;não;"XY: centro do símbolo na folha (1013.88; 1119.38) pt — ajustado ao centro do círculo vetorial; X=(x−437.74)·0.033888; Y=(1340.42−y)·0.033888 (escala medida, ver premissa P2). Z = PA -2.87 (inferido: PA sem marca no ambiente: adotado o PA −2,87 das marcas M1 (porta da cozinha) e M3 (circulação); PO −3,44 da marca M1) + h 2.75 (texto da prancha: """"AF 3/4"" H=2,75m SAI AQUECEDOR"" (simbolo de AQ)"")."
SAN-SS-COZ-016;ESG;Ponto de esgoto na parede;SAN-ESG;"1.1/2""";5,376;7,466;-2,32;0,55;Subsolo;Cozinha / Montagem;nº 36 na prancha (sem correspondência segura no memorial);"ESGOTO 1.1/2"" H=0,55m";TOM001-COZ-PJ-E-R-006-R001;EXTRAÍDO;;0,244;PAR-084;3,729;PAR-056;não;"XY: centro do símbolo na folha (596.38; 1120.12) pt — ajustado ao centro do círculo vetorial; X=(x−437.74)·0.033888; Y=(1340.42−y)·0.033888 (escala medida, ver premissa P2). Z = PA -2.87 (inferido: PA sem marca no ambiente: adotado o PA −2,87 das marcas M1 (porta da cozinha) e M3 (circulação); PO −3,44 da marca M1) + h 0.55 (texto da prancha: ""ESGOTO 1.1/2"" H=0,55m"")."
HID-SS-LAVP-003;AF;Ponto de água fria;HID-AF;"3/4""";19,321;7,347;-1,57;1,3;Subsolo;Lavagem de panelas;Tampo / pia inox (item 07);"(2x)AQ+(3x)AF 3/4"" H=1,30m";TOM001-COZ-PJ-E-R-006-R001;EXTRAÍDO;;0,125;PAR-027;1,046;PAR-067;não;"XY: centro do símbolo na folha (1007.88; 1123.62) pt — ajustado ao centro do círculo vetorial; X=(x−437.74)·0.033888; Y=(1340.42−y)·0.033888 (escala medida, ver premissa P2). Z = PA -2.87 (inferido: PA sem marca no ambiente: adotado o PA −2,87 das marcas M1 (porta da cozinha) e M3 (circulação); PO −3,44 da marca M1) + h 1.30 (texto da prancha: ""(2x)AQ+(3x)AF 3/4"" H=1,30m"")."
HID-SS-LAVP-004;AQ;Ponto de água quente;HID-AQ;"3/4""";19,524;7,347;-1,57;1,3;Subsolo;Lavagem de panelas;Tampo / pia inox (item 07);"(2x)AQ+(3x)AF 3/4"" H=1,30m";TOM001-COZ-PJ-E-R-006-R001;EXTRAÍDO;;0,125;PAR-027;1,249;PAR-067;não;"XY: centro do símbolo na folha (1013.88; 1123.62) pt — ajustado ao centro do círculo vetorial; X=(x−437.74)·0.033888; Y=(1340.42−y)·0.033888 (escala medida, ver premissa P2). Z = PA -2.87 (inferido: PA sem marca no ambiente: adotado o PA −2,87 das marcas M1 (porta da cozinha) e M3 (circulação); PO −3,44 da marca M1) + h 1.30 (texto da prancha: ""(2x)AQ+(3x)AF 3/4"" H=1,30m"")."
HID-SS-LAVP-005;AF;Ponto de água fria;HID-AF;"3/4""";20,125;7,347;-1,57;1,3;Subsolo;Lavagem de panelas;Tampo / pia inox (item 07);"(2x)AQ+(3x)AF 3/4"" H=1,30m";TOM001-COZ-PJ-E-R-006-R001;EXTRAÍDO;;0,125;PAR-027;1,285;PAR-065;não;"XY: centro do símbolo na folha (1031.62; 1123.62) pt — ajustado ao centro do círculo vetorial; X=(x−437.74)·0.033888; Y=(1340.42−y)·0.033888 (escala medida, ver premissa P2). Z = PA -2.87 (inferido: PA sem marca no ambiente: adotado o PA −2,87 das marcas M1 (porta da cozinha) e M3 (circulação); PO −3,44 da marca M1) + h 1.30 (texto da prancha: ""(2x)AQ+(3x)AF 3/4"" H=1,30m"")."
HID-SS-LAVP-006;AQ;Ponto de água quente;HID-AQ;"3/4""";20,321;7,347;-1,57;1,3;Subsolo;Lavagem de panelas;Tampo / pia inox (item 07);"(2x)AQ+(3x)AF 3/4"" H=1,30m";TOM001-COZ-PJ-E-R-006-R001;EXTRAÍDO;;0,125;PAR-027;1,089;PAR-065;não;"XY: centro do símbolo na folha (1037.38; 1123.62) pt — ajustado ao centro do círculo vetorial; X=(x−437.74)·0.033888; Y=(1340.42−y)·0.033888 (escala medida, ver premissa P2). Z = PA -2.87 (inferido: PA sem marca no ambiente: adotado o PA −2,87 das marcas M1 (porta da cozinha) e M3 (circulação); PO −3,44 da marca M1) + h 1.30 (texto da prancha: ""(2x)AQ+(3x)AF 3/4"" H=1,30m"")."
HID-SS-LAVP-007;AF;Ponto de água fria;HID-AF;"3/4""";20,566;7,347;-1,57;1,3;Subsolo;Lavagem de panelas;Tampo / pia inox (item 07);"(2x)AQ+(3x)AF 3/4"" H=1,30m";TOM001-COZ-PJ-E-R-006-R001;EXTRAÍDO;;0,125;PAR-027;0,844;PAR-065;não;"XY: centro do símbolo na folha (1044.62; 1123.62) pt — ajustado ao centro do círculo vetorial; X=(x−437.74)·0.033888; Y=(1340.42−y)·0.033888 (escala medida, ver premissa P2). Z = PA -2.87 (inferido: PA sem marca no ambiente: adotado o PA −2,87 das marcas M1 (porta da cozinha) e M3 (circulação); PO −3,44 da marca M1) + h 1.30 (texto da prancha: ""(2x)AQ+(3x)AF 3/4"" H=1,30m"")."
HID-SS-GELO-002;AF;Ponto de água fria;HID-AF;"3/4""";21,735;7,347;-1,87;1,0;Subsolo;Gelo;Fabricador de gelo (item 49);"AF 3/4"" H=1,00m";TOM001-COZ-PJ-E-R-006-R001;EXTRAÍDO;;0,105;PAR-065;0,125;PAR-028;não;"XY: centro do símbolo na folha (1079.12; 1123.62) pt — ajustado ao centro do círculo vetorial; X=(x−437.74)·0.033888; Y=(1340.42−y)·0.033888 (escala medida, ver premissa P2). Z = PA -2.87 (extraído: marca M6 na circulação contígua (−2,87 / −3,24)) + h 1.00 (texto da prancha: ""AF 3/4"" H=1,00m"")."
HID-SS-LAVP-008;AF;Ponto de água fria;HID-AF;"3/4""";18,423;7,338;-0,57;2,3;Subsolo;Lavagem de panelas;;"AF 3/4"" H=2,30m ENTRA AQUECEDOR";TOM001-COZ-PJ-E-R-006-R001;EXTRAÍDO;;0,116;PAR-027;0,148;PAR-067;não;"XY: centro do símbolo na folha (981.38; 1123.88) pt — ajustado ao centro do círculo vetorial; X=(x−437.74)·0.033888; Y=(1340.42−y)·0.033888 (escala medida, ver premissa P2). Z = PA -2.87 (inferido: PA sem marca no ambiente: adotado o PA −2,87 das marcas M1 (porta da cozinha) e M3 (circulação); PO −3,44 da marca M1) + h 2.30 (texto da prancha: ""AF 3/4"" H=2,30m ENTRA AQUECEDOR"")."
HID-SS-COZ-011;AF;Ponto de água fria;HID-AF;"3/4""";14,11;7,321;-1,67;1,2;Subsolo;Cozinha / Montagem;Tampo / pia inox (item 07);"AF 3/4"" H=1,20m";TOM001-COZ-PJ-E-R-006-R001;EXTRAÍDO;;0,099;PAR-026;3,945;PAR-067;não;"XY: centro do símbolo na folha (854.12; 1124.38) pt — ajustado ao centro do círculo vetorial; X=(x−437.74)·0.033888; Y=(1340.42−y)·0.033888 (escala medida, ver premissa P2). Z = PA -2.87 (inferido: PA sem marca no ambiente: adotado o PA −2,87 das marcas M1 (porta da cozinha) e M3 (circulação); PO −3,44 da marca M1) + h 1.20 (texto da prancha: ""AF 3/4"" H=1,20m"")."
HID-SS-COZ-012;AF;Ponto de água fria;HID-AF;"3/4""";5,274;7,313;-2,27;0,6;Subsolo;Cozinha / Montagem;nº 36 na prancha (sem correspondência segura no memorial);"AF 3/4"" H=0,60m";TOM001-COZ-PJ-E-R-006-R001;EXTRAÍDO;;0,091;PAR-084;3,627;PAR-056;não;"XY: centro do símbolo na folha (593.38; 1124.62) pt — ajustado ao centro do círculo vetorial; X=(x−437.74)·0.033888; Y=(1340.42−y)·0.033888 (escala medida, ver premissa P2). Z = PA -2.87 (inferido: PA sem marca no ambiente: adotado o PA −2,87 das marcas M1 (porta da cozinha) e M3 (circulação); PO −3,44 da marca M1) + h 0.60 (texto da prancha: ""AF 3/4"" H=0,60m"")."
HID-SS-COZ-013;AF;Ponto de água fria;HID-AF;"3/4""";10,298;7,313;-1,67;1,2;Subsolo;Cozinha / Montagem;Tampo / pia inox (item 07);"AF 3/4"" H=1,20m";TOM001-COZ-PJ-E-R-006-R001;EXTRAÍDO;;0,091;PAR-025;7,757;PAR-067;não;"XY: centro do símbolo na folha (741.62; 1124.62) pt — ajustado ao centro do círculo vetorial; X=(x−437.74)·0.033888; Y=(1340.42−y)·0.033888 (escala medida, ver premissa P2). Z = PA -2.87 (inferido: PA sem marca no ambiente: adotado o PA −2,87 das marcas M1 (porta da cozinha) e M3 (circulação); PO −3,44 da marca M1) + h 1.20 (texto da prancha: ""AF 3/4"" H=1,20m"")."
SAN-SS-REF-005;RS;Ralo seco;SAN-ESG;;-5,032;6,004;-2,87;0,0;Subsolo;Refeitório;;RALO SECO;TOM001-COZ-PJ-E-R-006-R001;EXTRAÍDO;;0,557;PAR-044;0,707;PAR-068;não;"XY: centro do símbolo na folha (289.25; 1163.25) pt — posição lida no desenho; X=(x−437.74)·0.033888; Y=(1340.42−y)·0.033888 (escala medida, ver premissa P2). Z = PA -2.87 (inferido: PA sem marca no ambiente: adotado o PA −2,87 das marcas M1 (porta da cozinha) e M3 (circulação); PO −3,44 da marca M1) + h 0.00."
HID-SS-CIRC-001;AF;Ponto de água fria;HID-AF;"3/4""";-4,117;5,979;-1,67;1,2;Subsolo;Circulação / carros;nº 25 na prancha (sem correspondência segura no memorial);"AF 3/4"" H=1,20m";TOM001-COZ-PJ-E-R-006-R001;EXTRAÍDO;;1,072;PAR-021;;;sim;"XY: centro do símbolo na folha (316.25; 1164.00) pt — posição lida no desenho; X=(x−437.74)·0.033888; Y=(1340.42−y)·0.033888 (escala medida, ver premissa P2). Z = PA -2.87 (extraído: marcas M3 e M6) + h 1.20 (texto da prancha: ""AF 3/4"" H=1,20m"")."
SAN-SS-CIRC-001;RSIF;Ralo sifonado;SAN-ESG;;1,576;5,623;-2,87;0,0;Subsolo;Circulação / carros;;RALO SIFONADO (Carros quentes);TOM001-COZ-PJ-E-R-006-R001;EXTRAÍDO;;0,365;PAR-092;5,681;PAR-068;não;"XY: centro do símbolo na folha (484.25; 1174.50) pt — posição lida no desenho; X=(x−437.74)·0.033888; Y=(1340.42−y)·0.033888 (escala medida, ver premissa P2). Z = PA -2.87 (extraído: marcas M3 e M6) + h 0.00."
SAN-SS-CIRC-002;RSIF;Ralo sifonado;SAN-ESG;;18,139;5,623;-2,87;0,0;Subsolo;Circulação / carros;;RALO SIFONADO;TOM001-COZ-PJ-E-R-006-R001;EXTRAÍDO;;0,365;PAR-104;22,244;PAR-068;não;"XY: centro do símbolo na folha (973.00; 1174.50) pt — posição lida no desenho; X=(x−437.74)·0.033888; Y=(1340.42−y)·0.033888 (escala medida, ver premissa P2). Z = PA -2.87 (extraído: marcas M3 e M6) + h 0.00."
SAN-SS-CIRC-003;RS;Ralo seco;SAN-ESG;;-4,007;5,563;-2,87;0,0;Subsolo;Circulação / carros;nº 25 na prancha (sem correspondência segura no memorial);RALO SECO;TOM001-COZ-PJ-E-R-006-R001;EXTRAÍDO;;0,098;PAR-068;1,488;PAR-021;não;"XY: centro do símbolo na folha (319.50; 1176.25) pt — posição lida no desenho; X=(x−437.74)·0.033888; Y=(1340.42−y)·0.033888 (escala medida, ver premissa P2). Z = PA -2.87 (extraído: marcas M3 e M6) + h 0.00."
HID-SS-PCAR-001;AF;Ponto de água fria;HID-AF;"3/4""";10,9;5,085;-0,57;2,3;Subsolo;Preparo de carnes;;"AF 3/4"" H=2,30m ENTRA AQUECEDOR";TOM001-COZ-PJ-E-R-006-R001;EXTRAÍDO;;0,078;PAR-077;0,142;PAR-037;não;"XY: centro do símbolo na folha (759.38; 1190.38) pt — ajustado ao centro do círculo vetorial; X=(x−437.74)·0.033888; Y=(1340.42−y)·0.033888 (escala medida, ver premissa P2). Z = PA -2.87 (inferido: PA sem marca no ambiente: adotado o PA −2,87 das marcas M1 (porta da cozinha) e M3 (circulação); PO −3,44 da marca M1) + h 2.30 (texto da prancha: ""AF 3/4"" H=2,30m ENTRA AQUECEDOR"")."
HID-SS-PCAR-002;AF;Ponto de água fria;HID-AF;"3/4""";10,891;4,941;-2,27;0,6;Subsolo;Preparo de carnes;Pia lavatório de mãos (item 24);"AF 3/4"" H=0,60m";TOM001-COZ-PJ-E-R-006-R001;EXTRAÍDO;;0,069;PAR-077;0,286;PAR-037;não;"XY: centro do símbolo na folha (759.12; 1194.62) pt — ajustado ao centro do círculo vetorial; X=(x−437.74)·0.033888; Y=(1340.42−y)·0.033888 (escala medida, ver premissa P2). Z = PA -2.87 (inferido: PA sem marca no ambiente: adotado o PA −2,87 das marcas M1 (porta da cozinha) e M3 (circulação); PO −3,44 da marca M1) + h 0.60 (texto da prancha: ""AF 3/4"" H=0,60m"")."
HID-SS-PSAL-001;AF;Ponto de água fria;HID-AF;"3/4""";7,867;4,932;-2,27;0,6;Subsolo;Preparo de saladas;Pia lavatório de mãos (item 24);"AF 3/4"" H=0,60m";TOM001-COZ-PJ-E-R-006-R001;EXTRAÍDO;;0,083;PAR-076;0,295;PAR-090;não;"XY: centro do símbolo na folha (669.88; 1194.88) pt — ajustado ao centro do círculo vetorial; X=(x−437.74)·0.033888; Y=(1340.42−y)·0.033888 (escala medida, ver premissa P2). Z = PA -2.87 (inferido: PA sem marca no ambiente: adotado o PA −2,87 das marcas M1 (porta da cozinha) e M3 (circulação); PO −3,44 da marca M1) + h 0.60 (texto da prancha: ""AF 3/4"" H=0,60m"")."
SAN-SS-PSAL-001;ESG;Ponto de esgoto na parede;SAN-ESG;"1.1/2""";8,019;4,839;-2,32;0,55;Subsolo;Preparo de saladas;Pia lavatório de mãos (item 24);"ESGOTO 1.1/2"" H=0,55m";TOM001-COZ-PJ-E-R-006-R001;EXTRAÍDO;;0,235;PAR-076;0,388;PAR-090;não;"XY: centro do símbolo na folha (674.38; 1197.62) pt — ajustado ao centro do círculo vetorial; X=(x−437.74)·0.033888; Y=(1340.42−y)·0.033888 (escala medida, ver premissa P2). Z = PA -2.87 (inferido: PA sem marca no ambiente: adotado o PA −2,87 das marcas M1 (porta da cozinha) e M3 (circulação); PO −3,44 da marca M1) + h 0.55 (texto da prancha: ""ESGOTO 1.1/2"" H=0,55m"")."
SAN-SS-PCAR-001;ESG;Ponto de esgoto na parede;SAN-ESG;"1.1/2""";11,06;4,839;-2,32;0,55;Subsolo;Preparo de carnes;Pia lavatório de mãos (item 24);"ESGOTO 1.1/2"" H=0,55m";TOM001-COZ-PJ-E-R-006-R001;EXTRAÍDO;;0,238;PAR-077;0,388;PAR-040;não;"XY: centro do símbolo na folha (764.12; 1197.62) pt — ajustado ao centro do círculo vetorial; X=(x−437.74)·0.033888; Y=(1340.42−y)·0.033888 (escala medida, ver premissa P2). Z = PA -2.87 (inferido: PA sem marca no ambiente: adotado o PA −2,87 das marcas M1 (porta da cozinha) e M3 (circulação); PO −3,44 da marca M1) + h 0.55 (texto da prancha: ""ESGOTO 1.1/2"" H=0,55m"")."
HID-SS-PCAR-003;AQ;Ponto de água quente;HID-AQ;"3/4""";10,917;3,992;-0,12;2,75;Subsolo;Preparo de carnes;;"""AF 3/4"" H=2,75m SAI AQUECEDOR"" (simbolo de AQ)";TOM001-COZ-PJ-E-R-006-R001;EXTRAÍDO;;0,095;PAR-079;1,235;PAR-037;não;"XY: centro do símbolo na folha (759.88; 1222.62) pt — ajustado ao centro do círculo vetorial; X=(x−437.74)·0.033888; Y=(1340.42−y)·0.033888 (escala medida, ver premissa P2). Z = PA -2.87 (inferido: PA sem marca no ambiente: adotado o PA −2,87 das marcas M1 (porta da cozinha) e M3 (circulação); PO −3,44 da marca M1) + h 2.75 (texto da prancha: """"AF 3/4"" H=2,75m SAI AQUECEDOR"" (simbolo de AQ)"")."
HID-SS-PSAL-002;AF;Ponto de água fria;HID-AF;"3/4""";7,875;3,06;-1,67;1,2;Subsolo;Preparo de saladas;;"AF 3/4"" H=1,20m";TOM001-COZ-PJ-E-R-006-R001;EXTRAÍDO;;0,091;PAR-078;2,167;PAR-090;não;"XY: centro do símbolo na folha (670.12; 1250.12) pt — ajustado ao centro do círculo vetorial; X=(x−437.74)·0.033888; Y=(1340.42−y)·0.033888 (escala medida, ver premissa P2). Z = PA -2.87 (inferido: PA sem marca no ambiente: adotado o PA −2,87 das marcas M1 (porta da cozinha) e M3 (circulação); PO −3,44 da marca M1) + h 1.20 (texto da prancha: ""AF 3/4"" H=1,20m"")."
SAN-SS-PSAL-002;ESG;Ponto de esgoto na parede;SAN-ESG;"1.1/2""";8,189;3,06;-2,42;0,45;Subsolo;Preparo de saladas;;"ESGOTO 1.1/2"" H=0,45m";TOM001-COZ-PJ-E-R-006-R001;EXTRAÍDO;;0,405;PAR-078;2,167;PAR-038;não;"XY: centro do símbolo na folha (679.38; 1250.12) pt — ajustado ao centro do círculo vetorial; X=(x−437.74)·0.033888; Y=(1340.42−y)·0.033888 (escala medida, ver premissa P2). Z = PA -2.87 (inferido: PA sem marca no ambiente: adotado o PA −2,87 das marcas M1 (porta da cozinha) e M3 (circulação); PO −3,44 da marca M1) + h 0.45 (texto da prancha: ""ESGOTO 1.1/2"" H=0,45m"")."
SAN-SS-PSAL-003;RSIF;Ralo sifonado;SAN-ESG;;9,226;2,624;-2,87;0,0;Subsolo;Preparo de saladas;;RALO SIFONADO (Preparo saladas);TOM001-COZ-PJ-E-R-006-R001;EXTRAÍDO;;1,443;PAR-078;4,428;PAR-025;não;"XY: centro do símbolo na folha (710.00; 1263.00) pt — posição lida no desenho; X=(x−437.74)·0.033888; Y=(1340.42−y)·0.033888 (escala medida, ver premissa P2). Z = PA -2.87 (inferido: PA sem marca no ambiente: adotado o PA −2,87 das marcas M1 (porta da cozinha) e M3 (circulação); PO −3,44 da marca M1) + h 0.00."
SAN-SS-PCAR-002;RSIF;Ralo sifonado;SAN-ESG;;12,249;2,624;-2,87;0,0;Subsolo;Preparo de carnes;;RALO SIFONADO (Preparo carnes);TOM001-COZ-PJ-E-R-006-R001;EXTRAÍDO;;1,445;PAR-072;4,428;PAR-031;não;"XY: centro do símbolo na folha (799.20; 1263.00) pt — posição lida no desenho; X=(x−437.74)·0.033888; Y=(1340.42−y)·0.033888 (escala medida, ver premissa P2). Z = PA -2.87 (inferido: PA sem marca no ambiente: adotado o PA −2,87 das marcas M1 (porta da cozinha) e M3 (circulação); PO −3,44 da marca M1) + h 0.00."
SAN-SS-DBEB-001;RSIF;Ralo sifonado;SAN-ESG;;25,808;2,624;-2,87;0,0;Subsolo;Depósito de bebidas;;RALO SIFONADO (Deposito bebidas);TOM001-COZ-PJ-E-R-006-R001;EXTRAÍDO;;1,433;PAR-074;;;não;"XY: centro do símbolo na folha (1199.30; 1263.00) pt — posição lida no desenho; X=(x−437.74)·0.033888; Y=(1340.42−y)·0.033888 (escala medida, ver premissa P2). Z = PA -2.87 (inferido: sem marca; adotado o nível da circulação (M6)) + h 0.00."
SAN-SS-MFRI-001;RSIF;Ralo sifonado;SAN-ESG;;6,261;2,613;-2,87;0,0;Subsolo;Montagem fria;;RALO SIFONADO (Montagem fria);TOM001-COZ-PJ-E-R-006-R001;EXTRAÍDO;;1,283;PAR-071;11,587;PAR-009;não;"XY: centro do símbolo na folha (622.50; 1263.30) pt — posição lida no desenho; X=(x−437.74)·0.033888; Y=(1340.42−y)·0.033888 (escala medida, ver premissa P2). Z = PA -2.87 (inferido: PA sem marca no ambiente: adotado o PA −2,87 das marcas M1 (porta da cozinha) e M3 (circulação); PO −3,44 da marca M1) + h 0.00."
HID-SS-PCAR-004;AF;Ponto de água fria;HID-AF;"3/4""";10,917;2,407;-1,67;1,2;Subsolo;Preparo de carnes;;"AQ+AF 3/4"" H=1,20m";TOM001-COZ-PJ-E-R-006-R001;EXTRAÍDO;;0,095;PAR-081;2,82;PAR-037;não;"XY: centro do símbolo na folha (759.88; 1269.38) pt — ajustado ao centro do círculo vetorial; X=(x−437.74)·0.033888; Y=(1340.42−y)·0.033888 (escala medida, ver premissa P2). Z = PA -2.87 (inferido: PA sem marca no ambiente: adotado o PA −2,87 das marcas M1 (porta da cozinha) e M3 (circulação); PO −3,44 da marca M1) + h 1.20 (texto da prancha: ""AQ+AF 3/4"" H=1,20m"")."
HID-SS-PSAL-003;AF;Ponto de água fria;HID-AF;"3/4""";7,867;2,365;-1,67;1,2;Subsolo;Preparo de saladas;;"AF 3/4"" H=1,20m";TOM001-COZ-PJ-E-R-006-R001;EXTRAÍDO;;0,083;PAR-078;2,862;PAR-090;não;"XY: centro do símbolo na folha (669.88; 1270.62) pt — ajustado ao centro do círculo vetorial; X=(x−437.74)·0.033888; Y=(1340.42−y)·0.033888 (escala medida, ver premissa P2). Z = PA -2.87 (inferido: PA sem marca no ambiente: adotado o PA −2,87 das marcas M1 (porta da cozinha) e M3 (circulação); PO −3,44 da marca M1) + h 1.20 (texto da prancha: ""AF 3/4"" H=1,20m"")."
SAN-SS-PSAL-004;ESG;Ponto de esgoto na parede;SAN-ESG;"1.1/2""";8,189;2,357;-2,42;0,45;Subsolo;Preparo de saladas;;"ESGOTO 1.1/2"" H=0,45m";TOM001-COZ-PJ-E-R-006-R001;EXTRAÍDO;;0,405;PAR-078;2,87;PAR-038;não;"XY: centro do símbolo na folha (679.38; 1270.88) pt — ajustado ao centro do círculo vetorial; X=(x−437.74)·0.033888; Y=(1340.42−y)·0.033888 (escala medida, ver premissa P2). Z = PA -2.87 (inferido: PA sem marca no ambiente: adotado o PA −2,87 das marcas M1 (porta da cozinha) e M3 (circulação); PO −3,44 da marca M1) + h 0.45 (texto da prancha: ""ESGOTO 1.1/2"" H=0,45m"")."
SAN-SS-PCAR-003;ESG;Ponto de esgoto na parede;SAN-ESG;"1.1/2""";11,222;2,306;-2,42;0,45;Subsolo;Preparo de carnes;;"ESGOTO 1.1/2"" H=0,45m";TOM001-COZ-PJ-E-R-006-R001;EXTRAÍDO;;0,4;PAR-081;2,921;PAR-040;não;"XY: centro do símbolo na folha (768.88; 1272.38) pt — ajustado ao centro do círculo vetorial; X=(x−437.74)·0.033888; Y=(1340.42−y)·0.033888 (escala medida, ver premissa P2). Z = PA -2.87 (inferido: PA sem marca no ambiente: adotado o PA −2,87 das marcas M1 (porta da cozinha) e M3 (circulação); PO −3,44 da marca M1) + h 0.45 (texto da prancha: ""ESGOTO 1.1/2"" H=0,45m"")."
HID-SS-PCAR-005;AQ;Ponto de água quente;HID-AQ;"3/4""";10,917;2,204;-1,67;1,2;Subsolo;Preparo de carnes;;"AQ+AF 3/4"" H=1,20m";TOM001-COZ-PJ-E-R-006-R001;EXTRAÍDO;;0,095;PAR-081;3,023;PAR-037;não;"XY: centro do símbolo na folha (759.88; 1275.38) pt — ajustado ao centro do círculo vetorial; X=(x−437.74)·0.033888; Y=(1340.42−y)·0.033888 (escala medida, ver premissa P2). Z = PA -2.87 (inferido: PA sem marca no ambiente: adotado o PA −2,87 das marcas M1 (porta da cozinha) e M3 (circulação); PO −3,44 da marca M1) + h 1.20 (texto da prancha: ""AQ+AF 3/4"" H=1,20m"")."
HID-SS-PCAR-006;AF;Ponto de água fria;HID-AF;"3/4""";10,917;1,797;-1,67;1,2;Subsolo;Preparo de carnes;;"AQ+AF 3/4"" H=1,20m";TOM001-COZ-PJ-E-R-006-R001;EXTRAÍDO;;0,095;PAR-081;3,43;PAR-037;não;"XY: centro do símbolo na folha (759.88; 1287.38) pt — ajustado ao centro do círculo vetorial; X=(x−437.74)·0.033888; Y=(1340.42−y)·0.033888 (escala medida, ver premissa P2). Z = PA -2.87 (inferido: PA sem marca no ambiente: adotado o PA −2,87 das marcas M1 (porta da cozinha) e M3 (circulação); PO −3,44 da marca M1) + h 1.20 (texto da prancha: ""AQ+AF 3/4"" H=1,20m"")."
SAN-SS-PCAR-004;ESG;Ponto de esgoto na parede;SAN-ESG;"1.1/2""";11,23;1,705;-2,42;0,45;Subsolo;Preparo de carnes;;"ESGOTO 1.1/2"" H=0,45m";TOM001-COZ-PJ-E-R-006-R001;EXTRAÍDO;;0,408;PAR-081;3,522;PAR-040;não;"XY: centro do símbolo na folha (769.12; 1290.12) pt — ajustado ao centro do círculo vetorial; X=(x−437.74)·0.033888; Y=(1340.42−y)·0.033888 (escala medida, ver premissa P2). Z = PA -2.87 (inferido: PA sem marca no ambiente: adotado o PA −2,87 das marcas M1 (porta da cozinha) e M3 (circulação); PO −3,44 da marca M1) + h 0.45 (texto da prancha: ""ESGOTO 1.1/2"" H=0,45m"")."
HID-SS-PCAR-007;AQ;Ponto de água quente;HID-AQ;"3/4""";10,917;1,603;-1,67;1,2;Subsolo;Preparo de carnes;;"AQ+AF 3/4"" H=1,20m";TOM001-COZ-PJ-E-R-006-R001;EXTRAÍDO;;0,095;PAR-081;3,624;PAR-037;não;"XY: centro do símbolo na folha (759.88; 1293.12) pt — ajustado ao centro do círculo vetorial; X=(x−437.74)·0.033888; Y=(1340.42−y)·0.033888 (escala medida, ver premissa P2). Z = PA -2.87 (inferido: PA sem marca no ambiente: adotado o PA −2,87 das marcas M1 (porta da cozinha) e M3 (circulação); PO −3,44 da marca M1) + h 1.20 (texto da prancha: ""AQ+AF 3/4"" H=1,20m"")."
SAN-SS-PSAL-005;RS;Ralo seco;SAN-ESG;;8,167;0,594;-2,87;0,0;Subsolo;Preparo de saladas;;RALO SECO;TOM001-COZ-PJ-E-R-006-R001;EXTRAÍDO;;0,383;PAR-083;4,633;PAR-038;não;"XY: centro do símbolo na folha (678.75; 1322.90) pt — posição lida no desenho; X=(x−437.74)·0.033888; Y=(1340.42−y)·0.033888 (escala medida, ver premissa P2). Z = PA -2.87 (inferido: PA sem marca no ambiente: adotado o PA −2,87 das marcas M1 (porta da cozinha) e M3 (circulação); PO −3,44 da marca M1) + h 0.00."
DRE-SS-CSP1-001;DRE;Dreno de evaporador;DRE;"1""";1,852;0,281;-1,27;1,8;Subsolo;Câmara semi-preparados 1;Câmara frigorífica (item 34);"(2x) DRENO 1"" PVC H=1,80m (camara semi-preparados frios)";TOM001-COZ-PJ-E-R-006-R001;EXTRAÍDO;;0,129;PAR-093;0,454;PAR-098;não;"XY: centro do símbolo na folha (492.38; 1332.12) pt — ajustado ao centro do círculo vetorial; X=(x−437.74)·0.033888; Y=(1340.42−y)·0.033888 (escala medida, ver premissa P2). Z = PA -3.07 (inferido: nota 'prever rebaixo −20 cm' + marca M7 da câmara vizinha) + h 1.80 (texto da prancha: ""(2x) DRENO 1"" PVC H=1,80m (camara semi-preparados frios)"")."
DRE-SS-CSP2-001;DRE;Dreno de evaporador;DRE;"1""";2,953;0,281;-1,27;1,8;Subsolo;Câmara semi-preparados 2;Câmara frigorífica (item 34);"(2x) DRENO 1"" PVC H=1,80m (camara semi-preparados secos)";TOM001-COZ-PJ-E-R-006-R001;EXTRAÍDO;;0,129;PAR-097;0,446;PAR-095;não;"XY: centro do símbolo na folha (524.88; 1332.12) pt — ajustado ao centro do círculo vetorial; X=(x−437.74)·0.033888; Y=(1340.42−y)·0.033888 (escala medida, ver premissa P2). Z = PA -3.07 (extraído: marca M7) + h 1.80 (texto da prancha: ""(2x) DRENO 1"" PVC H=1,80m (camara semi-preparados secos)"")."
DRE-SS-CRES-001;DRE;Dreno de evaporador;DRE;"1""";15,669;0,281;-1,27;1,8;Subsolo;Câmara de resfriados;Câmara frigorífica (item 34);"(3x) DRENO 1"" PVC H=1,80m";TOM001-COZ-PJ-E-R-006-R001;EXTRAÍDO;;0,129;PAR-101;0,398;PAR-110;não;"XY: centro do símbolo na folha (900.12; 1332.12) pt — ajustado ao centro do círculo vetorial; X=(x−437.74)·0.033888; Y=(1340.42−y)·0.033888 (escala medida, ver premissa P2). Z = PA -3.07 (inferido: nota 'prever rebaixo −20 cm' + marca M5) + h 1.80 (texto da prancha: ""(3x) DRENO 1"" PVC H=1,80m"")."
DRE-SS-CHF-001;DRE;Dreno de evaporador;DRE;"1""";17,872;0,281;-1,27;1,8;Subsolo;Câmara hortifruti;Câmara frigorífica (item 34);"(3x) DRENO 1"" PVC H=1,80m";TOM001-COZ-PJ-E-R-006-R001;EXTRAÍDO;;0,128;PAR-109;0,397;PAR-114;não;"XY: centro do símbolo na folha (965.12; 1332.12) pt — ajustado ao centro do círculo vetorial; X=(x−437.74)·0.033888; Y=(1340.42−y)·0.033888 (escala medida, ver premissa P2). Z = PA -3.07 (inferido: nota 'prever rebaixo −20 cm' + marca M5) + h 1.80 (texto da prancha: ""(3x) DRENO 1"" PVC H=1,80m"")."
DRE-SS-CCON-001;DRE;Dreno de evaporador;DRE;"1""";20,075;0,281;-1,27;1,8;Subsolo;Câmara de congelados;Câmara frigorífica (item 34);"(3x) DRENO 1"" PVC H=1,80m";TOM001-COZ-PJ-E-R-006-R001;EXTRAÍDO;;0,129;PAR-113;0,445;PAR-115;não;"XY: centro do símbolo na folha (1030.12; 1332.12) pt — ajustado ao centro do círculo vetorial; X=(x−437.74)·0.033888; Y=(1340.42−y)·0.033888 (escala medida, ver premissa P2). Z = PA -3.07 (inferido: nota 'prever rebaixo −20 cm' + marca M5) + h 1.80 (texto da prancha: ""(3x) DRENO 1"" PVC H=1,80m"")."
SAN-SS-GAL-001;RSIF;Ralo sifonado;SAN-ESG;;17,261;-0,301;-2,87;0,0;Subsolo;Galeria técnica;;RALO SIFONADO (galeria);TOM001-COZ-PJ-E-R-006-R001;EXTRAÍDO;;0,302;PAR-109;;;não;"XY: centro do símbolo na folha (947.10; 1349.30) pt — posição lida no desenho; X=(x−437.74)·0.033888; Y=(1340.42−y)·0.033888 (escala medida, ver premissa P2). Z = PA -2.87 (inferido: galeria sem marca de nível; adotado −2,87 (limite da folha)) + h 0.00."
SAN-SS-GAL-002;RSIF;Ralo sifonado;SAN-ESG;;2,398;-0,314;-2,87;0,0;Subsolo;Galeria técnica;;RALO SIFONADO (galeria);TOM001-COZ-PJ-E-R-006-R001;EXTRAÍDO;;0,314;PAR-093;;;não;"XY: centro do símbolo na folha (508.50; 1349.70) pt — posição lida no desenho; X=(x−437.74)·0.033888; Y=(1340.42−y)·0.033888 (escala medida, ver premissa P2). Z = PA -2.87 (inferido: galeria sem marca de nível; adotado −2,87 (limite da folha)) + h 0.00."
SAN-SS-LAVL-015;CANAL;Canaleta de descarga (não desenhada);SAN-ESG;;-1,08;10,697;-2,87;0,0;Subsolo;Lavagem de louças;Lavadora de louças (item 41);"ESG. INDIRETO 1.1/2"" DESCARREGA SOBRE CANALETA AQ@93°C";TOM001-COZ-PJ-E-R-006-R001;PENDENTE;A canaleta que recebe o esgoto indireto da lavadora é citada no texto, mas não está desenhada: posição, comprimento e destino indeterminados.;2,507;PAR-056;;;não;"Posição marcada 0,25 m à frente da saída indireta apenas para referência visual; a canaleta é citada no texto mas não aparece na planta."
SAN-SS-LAVL-016;CANAL;Canaleta de descarga (não desenhada);SAN-ESG;;1,08;10,697;-2,87;0,0;Subsolo;Lavagem de louças;Lavadora de louças (item 41);"ESG. INDIRETO 1.1/2"" DESCARREGA SOBRE CANALETA AQ@93°C";TOM001-COZ-PJ-E-R-006-R001;PENDENTE;A canaleta que recebe o esgoto indireto da lavadora é citada no texto, mas não está desenhada: posição, comprimento e destino indeterminados.;0,347;PAR-056;3,474;PAR-023;não;"Posição marcada 0,25 m à frente da saída indireta apenas para referência visual; a canaleta é citada no texto mas não aparece na planta."
