id;sistema;dn;no_inicio;no_fim;xa;ya;za;xb;yb;zb;comprimento_m;declividade_pct;enterrado_m;passagem;status;motivo;pontos
T-HID-SS-COZ-001;HID-AF;"3/4""";N-HID-SS-COZ-001-D;N-HID-SS-COZ-001;7,536;14,108;-0,02;7,536;14,108;-1,67;1,65;;0;vertical, embutido na parede, de 2.85 m até 1.20 m do piso;INFERIDO;Traçado não desenhado na prancha de pontos: descida vertical embutida na parede, do ponto até a distribuição adotada a 2.85 m sobre o piso (acima do ponto mais alto cotado, aquecedores a 2,75 m). A rede de distribuição está no projeto hidrossanitário, não disponível.;HID-SS-COZ-001
T-HID-SS-COZ-002;HID-AF;"3/4""";N-HID-SS-COZ-002-D;N-HID-SS-COZ-002;9,985;14,108;-0,02;9,985;14,108;-2,67;2,65;;0;vertical, embutido na parede, de 2.85 m até 0.20 m do piso;INFERIDO;Traçado não desenhado na prancha de pontos: descida vertical embutida na parede, do ponto até a distribuição adotada a 2.85 m sobre o piso (acima do ponto mais alto cotado, aquecedores a 2,75 m). A rede de distribuição está no projeto hidrossanitário, não disponível.;HID-SS-COZ-002
T-HID-SS-COZ-003;HID-AF;"3/4""";N-HID-SS-COZ-003-D;N-HID-SS-COZ-003;11,035;14,108;-0,02;11,035;14,108;-2,67;2,65;;0;vertical, embutido na parede, de 2.85 m até 0.20 m do piso;INFERIDO;Traçado não desenhado na prancha de pontos: descida vertical embutida na parede, do ponto até a distribuição adotada a 2.85 m sobre o piso (acima do ponto mais alto cotado, aquecedores a 2,75 m). A rede de distribuição está no projeto hidrossanitário, não disponível.;HID-SS-COZ-003
T-GAS-SS-COZ-001;GAS;;N-GAS-SS-COZ-001-D;N-GAS-SS-COZ-001;14,305;14,108;-0,02;14,305;14,108;-2,52;2,5;;0;vertical, embutido na parede, de 2.85 m até 0.35 m do piso;INFERIDO;Traçado não desenhado na prancha de pontos: descida vertical embutida na parede, do ponto até a distribuição adotada a 2.85 m sobre o piso (acima do ponto mais alto cotado, aquecedores a 2,75 m). A rede de distribuição está no projeto hidrossanitário, não disponível.;GAS-SS-COZ-001
T-HID-SS-COZ-004;HID-AF;"3/4""";N-HID-SS-COZ-004-D;N-HID-SS-COZ-004;16,144;14,108;-0,02;16,144;14,108;-1,67;1,65;;0;vertical, embutido na parede, de 2.85 m até 1.20 m do piso;INFERIDO;Traçado não desenhado na prancha de pontos: descida vertical embutida na parede, do ponto até a distribuição adotada a 2.85 m sobre o piso (acima do ponto mais alto cotado, aquecedores a 2,75 m). A rede de distribuição está no projeto hidrossanitário, não disponível.;HID-SS-COZ-004
T-GAS-SS-COZ-002;GAS;;N-GAS-SS-COZ-002-D;N-GAS-SS-COZ-002;19,071;14,103;-0,02;19,071;14,103;-2,07;2,05;;0;vertical, embutido na parede, de 2.85 m até 0.80 m do piso;INFERIDO;Traçado não desenhado na prancha de pontos: descida vertical embutida na parede, do ponto até a distribuição adotada a 2.85 m sobre o piso (acima do ponto mais alto cotado, aquecedores a 2,75 m). A rede de distribuição está no projeto hidrossanitário, não disponível.;GAS-SS-COZ-002
T-SAN-SS-COZ-001;SAN-ESG;"2""";N-SAN-SS-COZ-001;N-SAN-SS-COZ-001-E;19,393;14,103;-2,87;19,393;14,103;-3,17;0,3;;0,3;vertical, enterrado até 0.30 m sob o piso;INFERIDO;Traçado não desenhado na prancha de pontos: descida vertical do ponto até 0.30 m abaixo do piso acabado, dentro do enchimento entre PA −2,87 e PO −3,44 (0,57 m). Ramal e coletor estão no projeto hidrossanitário, não disponível.;SAN-SS-COZ-001
T-HID-SS-COZ-005;HID-AF;"3/4""";N-HID-SS-COZ-005-D;N-HID-SS-COZ-005;20,138;14,103;-0,02;20,138;14,103;-1,67;1,65;;0;vertical, embutido na parede, de 2.85 m até 1.20 m do piso;INFERIDO;Traçado não desenhado na prancha de pontos: descida vertical embutida na parede, do ponto até a distribuição adotada a 2.85 m sobre o piso (acima do ponto mais alto cotado, aquecedores a 2,75 m). A rede de distribuição está no projeto hidrossanitário, não disponível.;HID-SS-COZ-005
T-SAN-SS-COZ-002;SAN-ESG;"2""";N-SAN-SS-COZ-002;N-SAN-SS-COZ-002-E;20,723;14,103;-2,87;20,723;14,103;-3,17;0,3;;0,3;vertical, enterrado até 0.30 m sob o piso;INFERIDO;Traçado não desenhado na prancha de pontos: descida vertical do ponto até 0.30 m abaixo do piso acabado, dentro do enchimento entre PA −2,87 e PO −3,44 (0,57 m). Ramal e coletor estão no projeto hidrossanitário, não disponível.;SAN-SS-COZ-002
T-GAS-SS-COZ-003;GAS;;N-GAS-SS-COZ-003-D;N-GAS-SS-COZ-003;10,247;14,099;-0,02;10,247;14,099;-2,52;2,5;;0;vertical, embutido na parede, de 2.85 m até 0.35 m do piso;INFERIDO;Traçado não desenhado na prancha de pontos: descida vertical embutida na parede, do ponto até a distribuição adotada a 2.85 m sobre o piso (acima do ponto mais alto cotado, aquecedores a 2,75 m). A rede de distribuição está no projeto hidrossanitário, não disponível.;GAS-SS-COZ-003
T-GAS-SS-COZ-004;GAS;;N-GAS-SS-COZ-004-D;N-GAS-SS-COZ-004;11,298;14,099;-0,02;11,298;14,099;-2,52;2,5;;0;vertical, embutido na parede, de 2.85 m até 0.35 m do piso;INFERIDO;Traçado não desenhado na prancha de pontos: descida vertical embutida na parede, do ponto até a distribuição adotada a 2.85 m sobre o piso (acima do ponto mais alto cotado, aquecedores a 2,75 m). A rede de distribuição está no projeto hidrossanitário, não disponível.;GAS-SS-COZ-004
T-HID-SS-COZ-006;HID-AF;"3/4""";N-HID-SS-COZ-006-D;N-HID-SS-COZ-006;12,094;14,099;-0,02;12,094;14,099;-2,67;2,65;;0;vertical, embutido na parede, de 2.85 m até 0.20 m do piso;INFERIDO;Traçado não desenhado na prancha de pontos: descida vertical embutida na parede, do ponto até a distribuição adotada a 2.85 m sobre o piso (acima do ponto mais alto cotado, aquecedores a 2,75 m). A rede de distribuição está no projeto hidrossanitário, não disponível.;HID-SS-COZ-006
T-GAS-SS-COZ-005;GAS;;N-GAS-SS-COZ-005-D;N-GAS-SS-COZ-005;12,348;14,099;-0,02;12,348;14,099;-2,52;2,5;;0;vertical, embutido na parede, de 2.85 m até 0.35 m do piso;INFERIDO;Traçado não desenhado na prancha de pontos: descida vertical embutida na parede, do ponto até a distribuição adotada a 2.85 m sobre o piso (acima do ponto mais alto cotado, aquecedores a 2,75 m). A rede de distribuição está no projeto hidrossanitário, não disponível.;GAS-SS-COZ-005
T-GAS-SS-COZ-006;GAS;;N-GAS-SS-COZ-006-D;N-GAS-SS-COZ-006;12,95;14,099;-0,02;12,95;14,099;-2,52;2,5;;0;vertical, embutido na parede, de 2.85 m até 0.35 m do piso;INFERIDO;Traçado não desenhado na prancha de pontos: descida vertical embutida na parede, do ponto até a distribuição adotada a 2.85 m sobre o piso (acima do ponto mais alto cotado, aquecedores a 2,75 m). A rede de distribuição está no projeto hidrossanitário, não disponível.;GAS-SS-COZ-006
T-GAS-SS-COZ-007;GAS;;N-GAS-SS-COZ-007-D;N-GAS-SS-COZ-007;13,797;14,099;-0,02;13,797;14,099;-2,52;2,5;;0;vertical, embutido na parede, de 2.85 m até 0.35 m do piso;INFERIDO;Traçado não desenhado na prancha de pontos: descida vertical embutida na parede, do ponto até a distribuição adotada a 2.85 m sobre o piso (acima do ponto mais alto cotado, aquecedores a 2,75 m). A rede de distribuição está no projeto hidrossanitário, não disponível.;GAS-SS-COZ-007
T-GAS-SS-COZ-008;GAS;;N-GAS-SS-COZ-008-D;N-GAS-SS-COZ-008;14,797;14,099;-0,02;14,797;14,099;-2,52;2,5;;0;vertical, embutido na parede, de 2.85 m até 0.35 m do piso;INFERIDO;Traçado não desenhado na prancha de pontos: descida vertical embutida na parede, do ponto até a distribuição adotada a 2.85 m sobre o piso (acima do ponto mais alto cotado, aquecedores a 2,75 m). A rede de distribuição está no projeto hidrossanitário, não disponível.;GAS-SS-COZ-008
T-HID-SS-COZ-007;HID-AF;"3/4""";N-HID-SS-COZ-007-D;N-HID-SS-COZ-007;18,956;14,099;-0,02;18,956;14,099;-1,67;1,65;;0;vertical, embutido na parede, de 2.85 m até 1.20 m do piso;INFERIDO;Traçado não desenhado na prancha de pontos: descida vertical embutida na parede, do ponto até a distribuição adotada a 2.85 m sobre o piso (acima do ponto mais alto cotado, aquecedores a 2,75 m). A rede de distribuição está no projeto hidrossanitário, não disponível.;HID-SS-COZ-007
T-GAS-SS-COZ-009;GAS;;N-GAS-SS-COZ-009-D;N-GAS-SS-COZ-009;20,253;14,099;-0,02;20,253;14,099;-2,07;2,05;;0;vertical, embutido na parede, de 2.85 m até 0.80 m do piso;INFERIDO;Traçado não desenhado na prancha de pontos: descida vertical embutida na parede, do ponto até a distribuição adotada a 2.85 m sobre o piso (acima do ponto mais alto cotado, aquecedores a 2,75 m). A rede de distribuição está no projeto hidrossanitário, não disponível.;GAS-SS-COZ-009
T-SAN-SS-COZ-003;SAN-ESG;"2""";N-SAN-SS-COZ-003;N-SAN-SS-COZ-003-E;7,93;14,095;-2,87;7,93;14,095;-3,17;0,3;;0,3;vertical, enterrado até 0.30 m sob o piso;INFERIDO;Traçado não desenhado na prancha de pontos: descida vertical do ponto até 0.30 m abaixo do piso acabado, dentro do enchimento entre PA −2,87 e PO −3,44 (0,57 m). Ramal e coletor estão no projeto hidrossanitário, não disponível.;SAN-SS-COZ-003
T-SAN-SS-COZ-004;SAN-ESG;"1.1/2""";N-SAN-SS-COZ-004;N-SAN-SS-COZ-004-E;16,152;13,794;-2,42;16,152;13,794;-3,17;0,75;;0,3;vertical, na parede a partir de 0.45 m e enterrado até 0.30 m sob o piso;INFERIDO;Traçado não desenhado na prancha de pontos: descida vertical do ponto até 0.30 m abaixo do piso acabado, dentro do enchimento entre PA −2,87 e PO −3,44 (0,57 m). Ramal e coletor estão no projeto hidrossanitário, não disponível.;SAN-SS-COZ-004
T-SAN-SS-REF-001;SAN-ESG;"1.1/2""";N-SAN-SS-REF-001;N-SAN-SS-REF-001-E;-4,57;13,116;-2,32;-4,57;13,116;-3,17;0,85;;0,3;vertical, na parede a partir de 0.55 m e enterrado até 0.30 m sob o piso;INFERIDO;Traçado não desenhado na prancha de pontos: descida vertical do ponto até 0.30 m abaixo do piso acabado, dentro do enchimento entre PA −2,87 e PO −3,44 (0,57 m). Ramal e coletor estão no projeto hidrossanitário, não disponível.;SAN-SS-REF-001
T-HID-SS-LAVL-001;HID-AF;"3/4""";N-HID-SS-LAVL-001-D;N-HID-SS-LAVL-001;-4,418;13,014;-0,02;-4,418;13,014;-2,27;2,25;;0;vertical, embutido na parede, de 2.85 m até 0.60 m do piso;INFERIDO;Traçado não desenhado na prancha de pontos: descida vertical embutida na parede, do ponto até a distribuição adotada a 2.85 m sobre o piso (acima do ponto mais alto cotado, aquecedores a 2,75 m). A rede de distribuição está no projeto hidrossanitário, não disponível.;HID-SS-LAVL-001
T-SAN-SS-LAVL-001;SAN-ESG;"2""";N-SAN-SS-LAVL-001;N-SAN-SS-LAVL-001-E;-1,587;12,688;-2,87;-1,587;12,688;-3,17;0,3;;0,3;vertical, enterrado até 0.30 m sob o piso;INFERIDO;Traçado não desenhado na prancha de pontos: descida vertical do ponto até 0.30 m abaixo do piso acabado, dentro do enchimento entre PA −2,87 e PO −3,44 (0,57 m). Ramal e coletor estão no projeto hidrossanitário, não disponível.;SAN-SS-LAVL-001
T-SAN-SS-LAVL-002;SAN-ESG;"2""";N-SAN-SS-LAVL-002;N-SAN-SS-LAVL-002-E;-1,14;12,688;-2,87;-1,14;12,688;-3,17;0,3;;0,3;vertical, enterrado até 0.30 m sob o piso;INFERIDO;Traçado não desenhado na prancha de pontos: descida vertical do ponto até 0.30 m abaixo do piso acabado, dentro do enchimento entre PA −2,87 e PO −3,44 (0,57 m). Ramal e coletor estão no projeto hidrossanitário, não disponível.;SAN-SS-LAVL-002
T-SAN-SS-LAVL-003;SAN-ESG;"2""";N-SAN-SS-LAVL-003;N-SAN-SS-LAVL-003-E;1,161;12,688;-2,87;1,161;12,688;-3,17;0,3;;0,3;vertical, enterrado até 0.30 m sob o piso;INFERIDO;Traçado não desenhado na prancha de pontos: descida vertical do ponto até 0.30 m abaixo do piso acabado, dentro do enchimento entre PA −2,87 e PO −3,44 (0,57 m). Ramal e coletor estão no projeto hidrossanitário, não disponível.;SAN-SS-LAVL-003
T-SAN-SS-LAVL-004;SAN-ESG;"2""";N-SAN-SS-LAVL-004;N-SAN-SS-LAVL-004-E;-3,922;12,663;-2,87;-3,922;12,663;-3,17;0,3;;0,3;vertical, enterrado até 0.30 m sob o piso;INFERIDO;Traçado não desenhado na prancha de pontos: descida vertical do ponto até 0.30 m abaixo do piso acabado, dentro do enchimento entre PA −2,87 e PO −3,44 (0,57 m). Ramal e coletor estão no projeto hidrossanitário, não disponível.;SAN-SS-LAVL-004
T-SAN-SS-COZ-005;SAN-ESG;"2""";N-SAN-SS-COZ-005;N-SAN-SS-COZ-005-E;8,362;12,197;-2,87;8,362;12,197;-3,17;0,3;;0,3;vertical, enterrado até 0.30 m sob o piso;INFERIDO;Traçado não desenhado na prancha de pontos: descida vertical do ponto até 0.30 m abaixo do piso acabado, dentro do enchimento entre PA −2,87 e PO −3,44 (0,57 m). Ramal e coletor estão no projeto hidrossanitário, não disponível.;SAN-SS-COZ-005
T-SAN-SS-COZ-006;SAN-ESG;"2""";N-SAN-SS-COZ-006;N-SAN-SS-COZ-006-E;13,378;12,197;-2,87;13,378;12,197;-3,17;0,3;;0,3;vertical, enterrado até 0.30 m sob o piso;INFERIDO;Traçado não desenhado na prancha de pontos: descida vertical do ponto até 0.30 m abaixo do piso acabado, dentro do enchimento entre PA −2,87 e PO −3,44 (0,57 m). Ramal e coletor estão no projeto hidrossanitário, não disponível.;SAN-SS-COZ-006
T-SAN-SS-COZ-007;SAN-ESG;"2""";N-SAN-SS-COZ-007;N-SAN-SS-COZ-007-E;21,24;12,197;-2,87;21,24;12,197;-3,17;0,3;;0,3;vertical, enterrado até 0.30 m sob o piso;INFERIDO;Traçado não desenhado na prancha de pontos: descida vertical do ponto até 0.30 m abaixo do piso acabado, dentro do enchimento entre PA −2,87 e PO −3,44 (0,57 m). Ramal e coletor estão no projeto hidrossanitário, não disponível.;SAN-SS-COZ-007
T-HID-SS-LAVL-002;HID-AF;"3/4""";N-HID-SS-LAVL-002-D;N-HID-SS-LAVL-002;-3,994;12,15;-0,02;-3,994;12,15;-0,57;0,55;;0;vertical, embutido na parede, de 2.85 m até 2.30 m do piso;INFERIDO;Traçado não desenhado na prancha de pontos: descida vertical embutida na parede, do ponto até a distribuição adotada a 2.85 m sobre o piso (acima do ponto mais alto cotado, aquecedores a 2,75 m). A rede de distribuição está no projeto hidrossanitário, não disponível.;HID-SS-LAVL-002
T-HID-SS-LAVL-003;HID-AF;"3/4""";N-HID-SS-LAVL-003-D;N-HID-SS-LAVL-003;-1,402;11,676;-0,02;-1,402;11,676;-1,57;1,55;;0;vertical, embutido na parede, de 2.85 m até 1.30 m do piso;INFERIDO;Traçado não desenhado na prancha de pontos: descida vertical embutida na parede, do ponto até a distribuição adotada a 2.85 m sobre o piso (acima do ponto mais alto cotado, aquecedores a 2,75 m). A rede de distribuição está no projeto hidrossanitário, não disponível.;HID-SS-LAVL-003
T-HID-SS-LAVL-004;HID-AF;"3/4""";N-HID-SS-LAVL-004-D;N-HID-SS-LAVL-004;1,309;11,676;-0,02;1,309;11,676;-1,57;1,55;;0;vertical, embutido na parede, de 2.85 m até 1.30 m do piso;INFERIDO;Traçado não desenhado na prancha de pontos: descida vertical embutida na parede, do ponto até a distribuição adotada a 2.85 m sobre o piso (acima do ponto mais alto cotado, aquecedores a 2,75 m). A rede de distribuição está no projeto hidrossanitário, não disponível.;HID-SS-LAVL-004
T-SAN-SS-REF-002;SAN-ESG;"2""";N-SAN-SS-REF-002;N-SAN-SS-REF-002-E;-4,693;11,562;-2,87;-4,693;11,562;-3,17;0,3;;0,3;vertical, enterrado até 0.30 m sob o piso;INFERIDO;Traçado não desenhado na prancha de pontos: descida vertical do ponto até 0.30 m abaixo do piso acabado, dentro do enchimento entre PA −2,87 e PO −3,44 (0,57 m). Ramal e coletor estão no projeto hidrossanitário, não disponível.;SAN-SS-REF-002
T-HID-SS-LAVL-005;HID-AQ;"3/4""";N-HID-SS-LAVL-005-D;N-HID-SS-LAVL-005;-1,402;11,481;-0,02;-1,402;11,481;-1,57;1,55;;0;vertical, embutido na parede, de 2.85 m até 1.30 m do piso;INFERIDO;Traçado não desenhado na prancha de pontos: descida vertical embutida na parede, do ponto até a distribuição adotada a 2.85 m sobre o piso (acima do ponto mais alto cotado, aquecedores a 2,75 m). A rede de distribuição está no projeto hidrossanitário, não disponível.;HID-SS-LAVL-005
T-HID-SS-LAVL-006;HID-AQ;"3/4""";N-HID-SS-LAVL-006-D;N-HID-SS-LAVL-006;1,309;11,481;-0,02;1,309;11,481;-1,57;1,55;;0;vertical, embutido na parede, de 2.85 m até 1.30 m do piso;INFERIDO;Traçado não desenhado na prancha de pontos: descida vertical embutida na parede, do ponto até a distribuição adotada a 2.85 m sobre o piso (acima do ponto mais alto cotado, aquecedores a 2,75 m). A rede de distribuição está no projeto hidrossanitário, não disponível.;HID-SS-LAVL-006
T-SAN-SS-LAVL-005;SAN-ESG;"1.1/2""";N-SAN-SS-LAVL-005;N-SAN-SS-LAVL-005-E;-1,147;11,38;-2,42;-1,147;11,38;-3,17;0,75;;0,3;vertical, na parede a partir de 0.45 m e enterrado até 0.30 m sob o piso;INFERIDO;Traçado não desenhado na prancha de pontos: descida vertical do ponto até 0.30 m abaixo do piso acabado, dentro do enchimento entre PA −2,87 e PO −3,44 (0,57 m). Ramal e coletor estão no projeto hidrossanitário, não disponível.;SAN-SS-LAVL-005
T-SAN-SS-LAVL-006;SAN-ESG;"1.1/2""";N-SAN-SS-LAVL-006;N-SAN-SS-LAVL-006-E;0,996;11,38;-2,42;0,996;11,38;-3,17;0,75;;0,3;vertical, na parede a partir de 0.45 m e enterrado até 0.30 m sob o piso;INFERIDO;Traçado não desenhado na prancha de pontos: descida vertical do ponto até 0.30 m abaixo do piso acabado, dentro do enchimento entre PA −2,87 e PO −3,44 (0,57 m). Ramal e coletor estão no projeto hidrossanitário, não disponível.;SAN-SS-LAVL-006
T-HID-SS-DIST-001;HID-AF;"3/4""";N-HID-SS-DIST-001-D;N-HID-SS-DIST-001;1,75;11,329;-0,02;1,75;11,329;-2,27;2,25;;0;vertical, embutido na parede, de 2.85 m até 0.60 m do piso;INFERIDO;Traçado não desenhado na prancha de pontos: descida vertical embutida na parede, do ponto até a distribuição adotada a 2.85 m sobre o piso (acima do ponto mais alto cotado, aquecedores a 2,75 m). A rede de distribuição está no projeto hidrossanitário, não disponível.;HID-SS-DIST-001
T-HID-SS-LAVL-007;HID-AF;"3/4""";N-HID-SS-LAVL-007-D;N-HID-SS-LAVL-007;1,309;11,278;-0,02;1,309;11,278;-1,57;1,55;;0;vertical, embutido na parede, de 2.85 m até 1.30 m do piso;INFERIDO;Traçado não desenhado na prancha de pontos: descida vertical embutida na parede, do ponto até a distribuição adotada a 2.85 m sobre o piso (acima do ponto mais alto cotado, aquecedores a 2,75 m). A rede de distribuição está no projeto hidrossanitário, não disponível.;HID-SS-LAVL-007
T-HID-SS-LAVL-008;HID-AF;"3/4""";N-HID-SS-LAVL-008-D;N-HID-SS-LAVL-008;-1,402;11,269;-0,02;-1,402;11,269;-1,57;1,55;;0;vertical, embutido na parede, de 2.85 m até 1.30 m do piso;INFERIDO;Traçado não desenhado na prancha de pontos: descida vertical embutida na parede, do ponto até a distribuição adotada a 2.85 m sobre o piso (acima do ponto mais alto cotado, aquecedores a 2,75 m). A rede de distribuição está no projeto hidrossanitário, não disponível.;HID-SS-LAVL-008
T-SAN-SS-DIST-001;SAN-ESG;"1.1/2""";N-SAN-SS-DIST-001;N-SAN-SS-DIST-001-E;2,097;11,227;-2,32;2,097;11,227;-3,17;0,85;;0,3;vertical, na parede a partir de 0.55 m e enterrado até 0.30 m sob o piso;INFERIDO;Traçado não desenhado na prancha de pontos: descida vertical do ponto até 0.30 m abaixo do piso acabado, dentro do enchimento entre PA −2,87 e PO −3,44 (0,57 m). Ramal e coletor estão no projeto hidrossanitário, não disponível.;SAN-SS-DIST-001
T-HID-SS-LAVL-009;HID-AF;"3/4""";N-HID-SS-LAVL-009-D;N-HID-SS-LAVL-009;-1,402;11,075;-0,02;-1,402;11,075;-2,47;2,45;;0;vertical, embutido na parede, de 2.85 m até 0.40 m do piso;INFERIDO;Traçado não desenhado na prancha de pontos: descida vertical embutida na parede, do ponto até a distribuição adotada a 2.85 m sobre o piso (acima do ponto mais alto cotado, aquecedores a 2,75 m). A rede de distribuição está no projeto hidrossanitário, não disponível.;HID-SS-LAVL-009
T-HID-SS-LAVL-010;HID-AF;"3/4""";N-HID-SS-LAVL-010-D;N-HID-SS-LAVL-010;1,309;11,075;-0,02;1,309;11,075;-2,47;2,45;;0;vertical, embutido na parede, de 2.85 m até 0.40 m do piso;INFERIDO;Traçado não desenhado na prancha de pontos: descida vertical embutida na parede, do ponto até a distribuição adotada a 2.85 m sobre o piso (acima do ponto mais alto cotado, aquecedores a 2,75 m). A rede de distribuição está no projeto hidrossanitário, não disponível.;HID-SS-LAVL-010
T-HID-SS-LAVL-011;HID-AQ;"3/4""";N-HID-SS-LAVL-011-D;N-HID-SS-LAVL-011;-3,994;11,049;-0,02;-3,994;11,049;-0,12;0,1;;0;vertical, embutido na parede, de 2.85 m até 2.75 m do piso;INFERIDO;Traçado não desenhado na prancha de pontos: descida vertical embutida na parede, do ponto até a distribuição adotada a 2.85 m sobre o piso (acima do ponto mais alto cotado, aquecedores a 2,75 m). A rede de distribuição está no projeto hidrossanitário, não disponível.;HID-SS-LAVL-011
T-SAN-SS-LAVL-007;SAN-ESG;"2""";N-SAN-SS-LAVL-007;N-SAN-SS-LAVL-007-E;-0,516;10,952;-2,87;-0,516;10,952;-3,17;0,3;;0,3;vertical, enterrado até 0.30 m sob o piso;INFERIDO;Traçado não desenhado na prancha de pontos: descida vertical do ponto até 0.30 m abaixo do piso acabado, dentro do enchimento entre PA −2,87 e PO −3,44 (0,57 m). Ramal e coletor estão no projeto hidrossanitário, não disponível.;SAN-SS-LAVL-007
T-SAN-SS-LAVL-008;SAN-ESG;"2""";N-SAN-SS-LAVL-008;N-SAN-SS-LAVL-008-E;0,514;10,952;-2,87;0,514;10,952;-3,17;0,3;;0,3;vertical, enterrado até 0.30 m sob o piso;INFERIDO;Traçado não desenhado na prancha de pontos: descida vertical do ponto até 0.30 m abaixo do piso acabado, dentro do enchimento entre PA −2,87 e PO −3,44 (0,57 m). Ramal e coletor estão no projeto hidrossanitário, não disponível.;SAN-SS-LAVL-008
T-SAN-SS-LAVL-009;SAN-ESG;"2""";N-SAN-SS-LAVL-011;N-SAN-SS-LAVL-011-E;-2,74;10,943;-2,87;-2,74;10,943;-3,17;0,3;;0,3;vertical, enterrado até 0.30 m sob o piso;INFERIDO;Traçado não desenhado na prancha de pontos: descida vertical do ponto até 0.30 m abaixo do piso acabado, dentro do enchimento entre PA −2,87 e PO −3,44 (0,57 m). Ramal e coletor estão no projeto hidrossanitário, não disponível.;SAN-SS-LAVL-011
T-HID-SS-LAVL-012;HID-AF;"3/4""";N-HID-SS-LAVL-012-D;N-HID-SS-LAVL-012;-3,994;10,905;-0,02;-3,994;10,905;-1,57;1,55;;0;vertical, embutido na parede, de 2.85 m até 1.30 m do piso;INFERIDO;Traçado não desenhado na prancha de pontos: descida vertical embutida na parede, do ponto até a distribuição adotada a 2.85 m sobre o piso (acima do ponto mais alto cotado, aquecedores a 2,75 m). A rede de distribuição está no projeto hidrossanitário, não disponível.;HID-SS-LAVL-012
T-SAN-SS-REF-003;SAN-ESG;"2""";N-SAN-SS-REF-003;N-SAN-SS-REF-003-E;-4,685;10,757;-2,87;-4,685;10,757;-3,17;0,3;;0,3;vertical, enterrado até 0.30 m sob o piso;INFERIDO;Traçado não desenhado na prancha de pontos: descida vertical do ponto até 0.30 m abaixo do piso acabado, dentro do enchimento entre PA −2,87 e PO −3,44 (0,57 m). Ramal e coletor estão no projeto hidrossanitário, não disponível.;SAN-SS-REF-003
T-HID-SS-LAVL-013;HID-AQ;"3/4""";N-HID-SS-LAVL-013-D;N-HID-SS-LAVL-013;-3,994;10,702;-0,02;-3,994;10,702;-1,57;1,55;;0;vertical, embutido na parede, de 2.85 m até 1.30 m do piso;INFERIDO;Traçado não desenhado na prancha de pontos: descida vertical embutida na parede, do ponto até a distribuição adotada a 2.85 m sobre o piso (acima do ponto mais alto cotado, aquecedores a 2,75 m). A rede de distribuição está no projeto hidrossanitário, não disponível.;HID-SS-LAVL-013
T-HID-SS-LAVL-014;HID-AF;"3/4""";N-HID-SS-LAVL-014-D;N-HID-SS-LAVL-014;-4,41;10,414;-0,02;-4,41;10,414;-2,57;2,55;;0;vertical, embutido na parede, de 2.85 m até 0.30 m do piso;INFERIDO;Traçado não desenhado na prancha de pontos: descida vertical embutida na parede, do ponto até a distribuição adotada a 2.85 m sobre o piso (acima do ponto mais alto cotado, aquecedores a 2,75 m). A rede de distribuição está no projeto hidrossanitário, não disponível.;HID-SS-LAVL-014
T-SAN-SS-LAVL-010;SAN-ESG;"2""";N-SAN-SS-LAVL-012;N-SAN-SS-LAVL-012-E;-4,309;10,35;-2,87;-4,309;10,35;-3,17;0,3;;0,3;vertical, enterrado até 0.30 m sob o piso;INFERIDO;Traçado não desenhado na prancha de pontos: descida vertical do ponto até 0.30 m abaixo do piso acabado, dentro do enchimento entre PA −2,87 e PO −3,44 (0,57 m). Ramal e coletor estão no projeto hidrossanitário, não disponível.;SAN-SS-LAVL-012
T-GAS-SS-COZ-010;GAS;;N-GAS-SS-COZ-010-D;N-GAS-SS-COZ-010;9,476;10,295;-0,02;9,476;10,295;-2,57;2,55;;0;vertical, embutido na parede, de 2.85 m até 0.30 m do piso;INFERIDO;Traçado não desenhado na prancha de pontos: descida vertical embutida na parede, do ponto até a distribuição adotada a 2.85 m sobre o piso (acima do ponto mais alto cotado, aquecedores a 2,75 m). A rede de distribuição está no projeto hidrossanitário, não disponível.;GAS-SS-COZ-010
T-HID-SS-LAVL-015;HID-AF;"3/4""";N-HID-SS-LAVL-015-D;N-HID-SS-LAVL-015;-3,994;10,202;-0,02;-3,994;10,202;-1,57;1,55;;0;vertical, embutido na parede, de 2.85 m até 1.30 m do piso;INFERIDO;Traçado não desenhado na prancha de pontos: descida vertical embutida na parede, do ponto até a distribuição adotada a 2.85 m sobre o piso (acima do ponto mais alto cotado, aquecedores a 2,75 m). A rede de distribuição está no projeto hidrossanitário, não disponível.;HID-SS-LAVL-015
T-SAN-SS-COZ-008;SAN-ESG;"1.1/2""";N-SAN-SS-COZ-008;N-SAN-SS-COZ-008-E;14,017;10,032;-2,07;14,017;10,032;-3,17;1,1;;0,3;vertical, na parede a partir de 0.80 m e enterrado até 0.30 m sob o piso;INFERIDO;Traçado não desenhado na prancha de pontos: descida vertical do ponto até 0.30 m abaixo do piso acabado, dentro do enchimento entre PA −2,87 e PO −3,44 (0,57 m). Ramal e coletor estão no projeto hidrossanitário, não disponível.;SAN-SS-COZ-008
T-SAN-SS-COZ-009;SAN-ESG;"2""";N-SAN-SS-COZ-009;N-SAN-SS-COZ-009-E;14,886;10,011;-2,87;14,886;10,011;-3,17;0,3;;0,3;vertical, enterrado até 0.30 m sob o piso;INFERIDO;Traçado não desenhado na prancha de pontos: descida vertical do ponto até 0.30 m abaixo do piso acabado, dentro do enchimento entre PA −2,87 e PO −3,44 (0,57 m). Ramal e coletor estão no projeto hidrossanitário, não disponível.;SAN-SS-COZ-009
T-HID-SS-LAVL-016;HID-AQ;"3/4""";N-HID-SS-LAVL-016-D;N-HID-SS-LAVL-016;-3,994;9,998;-0,02;-3,994;9,998;-1,57;1,55;;0;vertical, embutido na parede, de 2.85 m até 1.30 m do piso;INFERIDO;Traçado não desenhado na prancha de pontos: descida vertical embutida na parede, do ponto até a distribuição adotada a 2.85 m sobre o piso (acima do ponto mais alto cotado, aquecedores a 2,75 m). A rede de distribuição está no projeto hidrossanitário, não disponível.;HID-SS-LAVL-016
T-SAN-SS-COZ-010;SAN-ESG;"2""";N-SAN-SS-COZ-010;N-SAN-SS-COZ-010-E;9,353;9,901;-2,87;9,353;9,901;-3,17;0,3;;0,3;vertical, enterrado até 0.30 m sob o piso;INFERIDO;Traçado não desenhado na prancha de pontos: descida vertical do ponto até 0.30 m abaixo do piso acabado, dentro do enchimento entre PA −2,87 e PO −3,44 (0,57 m). Ramal e coletor estão no projeto hidrossanitário, não disponível.;SAN-SS-COZ-010
T-HID-SS-COZ-008;HID-AF;"3/4""";N-HID-SS-COZ-008-D;N-HID-SS-COZ-008;9,205;9,897;-0,02;9,205;9,897;-2,67;2,65;;0;vertical, embutido na parede, de 2.85 m até 0.20 m do piso;INFERIDO;Traçado não desenhado na prancha de pontos: descida vertical embutida na parede, do ponto até a distribuição adotada a 2.85 m sobre o piso (acima do ponto mais alto cotado, aquecedores a 2,75 m). A rede de distribuição está no projeto hidrossanitário, não disponível.;HID-SS-COZ-008
T-HID-SS-LAVL-017;HID-AF;"3/4""";N-HID-SS-LAVL-017-D;N-HID-SS-LAVL-017;-3,994;9,855;-0,02;-3,994;9,855;-1,57;1,55;;0;vertical, embutido na parede, de 2.85 m até 1.30 m do piso;INFERIDO;Traçado não desenhado na prancha de pontos: descida vertical embutida na parede, do ponto até a distribuição adotada a 2.85 m sobre o piso (acima do ponto mais alto cotado, aquecedores a 2,75 m). A rede de distribuição está no projeto hidrossanitário, não disponível.;HID-SS-LAVL-017
T-HID-SS-COZ-009;HID-AF;"3/4""";N-HID-SS-COZ-009-D;N-HID-SS-COZ-009;14,119;9,795;-0,02;14,119;9,795;-2,22;2,2;;0;vertical, embutido na parede, de 2.85 m até 0.65 m do piso;INFERIDO;Traçado não desenhado na prancha de pontos: descida vertical embutida na parede, do ponto até a distribuição adotada a 2.85 m sobre o piso (acima do ponto mais alto cotado, aquecedores a 2,75 m). A rede de distribuição está no projeto hidrossanitário, não disponível.;HID-SS-COZ-009
T-SAN-SS-GELO-001;SAN-ESG;"2""";N-SAN-SS-GELO-001;N-SAN-SS-GELO-001-E;22,333;9,647;-2,87;22,333;9,647;-3,17;0,3;;0,3;vertical, enterrado até 0.30 m sob o piso;INFERIDO;Traçado não desenhado na prancha de pontos: descida vertical do ponto até 0.30 m abaixo do piso acabado, dentro do enchimento entre PA −2,87 e PO −3,44 (0,57 m). Ramal e coletor estão no projeto hidrossanitário, não disponível.;SAN-SS-GELO-001
T-HID-SS-DIST-002;HID-AF;"3/4""";N-HID-SS-DIST-002-D;N-HID-SS-DIST-002;1,75;9,422;-0,02;1,75;9,422;-1,67;1,65;;0;vertical, embutido na parede, de 2.85 m até 1.20 m do piso;INFERIDO;Traçado não desenhado na prancha de pontos: descida vertical embutida na parede, do ponto até a distribuição adotada a 2.85 m sobre o piso (acima do ponto mais alto cotado, aquecedores a 2,75 m). A rede de distribuição está no projeto hidrossanitário, não disponível.;HID-SS-DIST-002
T-SAN-SS-LAVL-011;SAN-ESG;"2""";N-SAN-SS-LAVL-013;N-SAN-SS-LAVL-013-E;-3,732;9,151;-2,82;-3,732;9,151;-3,17;0,35;;0,3;vertical, enterrado até 0.30 m sob o piso;INFERIDO;Traçado não desenhado na prancha de pontos: descida vertical do ponto até 0.30 m abaixo do piso acabado, dentro do enchimento entre PA −2,87 e PO −3,44 (0,57 m). Ramal e coletor estão no projeto hidrossanitário, não disponível.;SAN-SS-LAVL-013
T-HID-SS-GELO-001;HID-AF;"3/4""";N-HID-SS-GELO-001-D;N-HID-SS-GELO-001;21,735;9,109;-0,02;21,735;9,109;-1,87;1,85;;0;vertical, embutido na parede, de 2.85 m até 1.00 m do piso;INFERIDO;Traçado não desenhado na prancha de pontos: descida vertical embutida na parede, do ponto até a distribuição adotada a 2.85 m sobre o piso (acima do ponto mais alto cotado, aquecedores a 2,75 m). A rede de distribuição está no projeto hidrossanitário, não disponível.;HID-SS-GELO-001
T-GAS-SS-COZ-011;GAS;;N-GAS-SS-COZ-011-D;N-GAS-SS-COZ-011;12,975;9,058;-0,02;12,975;9,058;-2,57;2,55;;0;vertical, embutido na parede, de 2.85 m até 0.30 m do piso;INFERIDO;Traçado não desenhado na prancha de pontos: descida vertical embutida na parede, do ponto até a distribuição adotada a 2.85 m sobre o piso (acima do ponto mais alto cotado, aquecedores a 2,75 m). A rede de distribuição está no projeto hidrossanitário, não disponível.;GAS-SS-COZ-011
T-SAN-SS-COZ-011;SAN-ESG;"1.1/2""";N-SAN-SS-COZ-011;N-SAN-SS-COZ-011-E;17,813;9,058;-2,32;17,813;9,058;-3,17;0,85;;0,3;vertical, na parede a partir de 0.55 m e enterrado até 0.30 m sob o piso;INFERIDO;Traçado não desenhado na prancha de pontos: descida vertical do ponto até 0.30 m abaixo do piso acabado, dentro do enchimento entre PA −2,87 e PO −3,44 (0,57 m). Ramal e coletor estão no projeto hidrossanitário, não disponível.;SAN-SS-COZ-011
T-HID-SS-COZ-010;HID-AF;"3/4""";N-HID-SS-COZ-010-D;N-HID-SS-COZ-010;17,965;8,957;-0,02;17,965;8,957;-2,27;2,25;;0;vertical, embutido na parede, de 2.85 m até 0.60 m do piso;INFERIDO;Traçado não desenhado na prancha de pontos: descida vertical embutida na parede, do ponto até a distribuição adotada a 2.85 m sobre o piso (acima do ponto mais alto cotado, aquecedores a 2,75 m). A rede de distribuição está no projeto hidrossanitário, não disponível.;HID-SS-COZ-010
T-SAN-SS-GELO-002;SAN-ESG;"2""";N-SAN-SS-GELO-002;N-SAN-SS-GELO-002-E;22,722;8,766;-2,87;22,722;8,766;-3,17;0,3;;0,3;vertical, enterrado até 0.30 m sob o piso;INFERIDO;Traçado não desenhado na prancha de pontos: descida vertical do ponto até 0.30 m abaixo do piso acabado, dentro do enchimento entre PA −2,87 e PO −3,44 (0,57 m). Ramal e coletor estão no projeto hidrossanitário, não disponível.;SAN-SS-GELO-002
T-SAN-SS-LAVP-001;SAN-ESG;"2""";N-SAN-SS-LAVP-001;N-SAN-SS-LAVP-001-E;21,248;8,537;-2,87;21,248;8,537;-3,17;0,3;;0,3;vertical, enterrado até 0.30 m sob o piso;INFERIDO;Traçado não desenhado na prancha de pontos: descida vertical do ponto até 0.30 m abaixo do piso acabado, dentro do enchimento entre PA −2,87 e PO −3,44 (0,57 m). Ramal e coletor estão no projeto hidrossanitário, não disponível.;SAN-SS-LAVP-001
T-SAN-SS-COZ-012;SAN-ESG;"2""";N-SAN-SS-COZ-012;N-SAN-SS-COZ-012-E;8,362;8,529;-2,87;8,362;8,529;-3,17;0,3;;0,3;vertical, enterrado até 0.30 m sob o piso;INFERIDO;Traçado não desenhado na prancha de pontos: descida vertical do ponto até 0.30 m abaixo do piso acabado, dentro do enchimento entre PA −2,87 e PO −3,44 (0,57 m). Ramal e coletor estão no projeto hidrossanitário, não disponível.;SAN-SS-COZ-012
T-SAN-SS-COZ-013;SAN-ESG;"2""";N-SAN-SS-COZ-013;N-SAN-SS-COZ-013-E;13,378;8,529;-2,87;13,378;8,529;-3,17;0,3;;0,3;vertical, enterrado até 0.30 m sob o piso;INFERIDO;Traçado não desenhado na prancha de pontos: descida vertical do ponto até 0.30 m abaixo do piso acabado, dentro do enchimento entre PA −2,87 e PO −3,44 (0,57 m). Ramal e coletor estão no projeto hidrossanitário, não disponível.;SAN-SS-COZ-013
T-SAN-SS-DIST-002;SAN-ESG;"1.1/2""";N-SAN-SS-DIST-002;N-SAN-SS-DIST-002-E;1,876;8,378;-2,32;1,876;8,378;-3,17;0,85;;0,3;vertical, na parede a partir de 0.55 m e enterrado até 0.30 m sob o piso;INFERIDO;Traçado não desenhado na prancha de pontos: descida vertical do ponto até 0.30 m abaixo do piso acabado, dentro do enchimento entre PA −2,87 e PO −3,44 (0,57 m). Ramal e coletor estão no projeto hidrossanitário, não disponível.;SAN-SS-DIST-002
T-HID-SS-LAVL-018;HID-AF;"3/4""";N-HID-SS-LAVL-018-D;N-HID-SS-LAVL-018;1,733;8,355;-0,02;1,733;8,355;-2,27;2,25;;0;vertical, embutido na parede, de 2.85 m até 0.60 m do piso;INFERIDO;Traçado não desenhado na prancha de pontos: descida vertical embutida na parede, do ponto até a distribuição adotada a 2.85 m sobre o piso (acima do ponto mais alto cotado, aquecedores a 2,75 m). A rede de distribuição está no projeto hidrossanitário, não disponível.;HID-SS-LAVL-018
T-SAN-SS-REF-004;SAN-ESG;"2""";N-SAN-SS-REF-004;N-SAN-SS-REF-004-E;-4,456;7,961;-2,87;-4,456;7,961;-3,17;0,3;;0,3;vertical, enterrado até 0.30 m sob o piso;INFERIDO;Traçado não desenhado na prancha de pontos: descida vertical do ponto até 0.30 m abaixo do piso acabado, dentro do enchimento entre PA −2,87 e PO −3,44 (0,57 m). Ramal e coletor estão no projeto hidrossanitário, não disponível.;SAN-SS-REF-004
T-SAN-SS-GELO-003;SAN-ESG;"2""";N-SAN-SS-GELO-003;N-SAN-SS-GELO-003-E;22,333;7,876;-2,87;22,333;7,876;-3,17;0,3;;0,3;vertical, enterrado até 0.30 m sob o piso;INFERIDO;Traçado não desenhado na prancha de pontos: descida vertical do ponto até 0.30 m abaixo do piso acabado, dentro do enchimento entre PA −2,87 e PO −3,44 (0,57 m). Ramal e coletor estão no projeto hidrossanitário, não disponível.;SAN-SS-GELO-003
T-HID-SS-LAVL-019;HID-AF;"3/4""";N-HID-SS-LAVL-019-D;N-HID-SS-LAVL-019;-4,418;7,72;-0,02;-4,418;7,72;-2,07;2,05;;0;vertical, embutido na parede, de 2.85 m até 0.80 m do piso;INFERIDO;Traçado não desenhado na prancha de pontos: descida vertical embutida na parede, do ponto até a distribuição adotada a 2.85 m sobre o piso (acima do ponto mais alto cotado, aquecedores a 2,75 m). A rede de distribuição está no projeto hidrossanitário, não disponível.;HID-SS-LAVL-019
T-SAN-SS-COZ-014;SAN-ESG;"1.1/2""";N-SAN-SS-COZ-014;N-SAN-SS-COZ-014-E;10,298;7,635;-2,42;10,298;7,635;-3,17;0,75;;0,3;vertical, na parede a partir de 0.45 m e enterrado até 0.30 m sob o piso;INFERIDO;Traçado não desenhado na prancha de pontos: descida vertical do ponto até 0.30 m abaixo do piso acabado, dentro do enchimento entre PA −2,87 e PO −3,44 (0,57 m). Ramal e coletor estão no projeto hidrossanitário, não disponível.;SAN-SS-COZ-014
T-HID-SS-LAVP-001;HID-AF;"3/4""";N-HID-SS-LAVP-001-D;N-HID-SS-LAVP-001;18,363;7,635;-0,02;18,363;7,635;-1,67;1,65;;0;vertical, embutido na parede, de 2.85 m até 1.20 m do piso;INFERIDO;Traçado não desenhado na prancha de pontos: descida vertical embutida na parede, do ponto até a distribuição adotada a 2.85 m sobre o piso (acima do ponto mais alto cotado, aquecedores a 2,75 m). A rede de distribuição está no projeto hidrossanitário, não disponível.;HID-SS-LAVP-001
T-SAN-SS-COZ-015;SAN-ESG;"1.1/2""";N-SAN-SS-COZ-015;N-SAN-SS-COZ-015-E;14,11;7,626;-2,42;14,11;7,626;-3,17;0,75;;0,3;vertical, na parede a partir de 0.45 m e enterrado até 0.30 m sob o piso;INFERIDO;Traçado não desenhado na prancha de pontos: descida vertical do ponto até 0.30 m abaixo do piso acabado, dentro do enchimento entre PA −2,87 e PO −3,44 (0,57 m). Ramal e coletor estão no projeto hidrossanitário, não disponível.;SAN-SS-COZ-015
T-SAN-SS-LAVL-012;SAN-ESG;"2""";N-SAN-SS-LAVL-014;N-SAN-SS-LAVL-014-E;-4,371;7,622;-2,87;-4,371;7,622;-3,17;0,3;;0,3;vertical, enterrado até 0.30 m sob o piso;INFERIDO;Traçado não desenhado na prancha de pontos: descida vertical do ponto até 0.30 m abaixo do piso acabado, dentro do enchimento entre PA −2,87 e PO −3,44 (0,57 m). Ramal e coletor estão no projeto hidrossanitário, não disponível.;SAN-SS-LAVL-014
T-SAN-SS-LAVP-002;SAN-ESG;"2""";N-SAN-SS-LAVP-002;N-SAN-SS-LAVP-002-E;21,074;7,609;-2,82;21,074;7,609;-3,17;0,35;;0,3;vertical, enterrado até 0.30 m sob o piso;INFERIDO;Traçado não desenhado na prancha de pontos: descida vertical do ponto até 0.30 m abaixo do piso acabado, dentro do enchimento entre PA −2,87 e PO −3,44 (0,57 m). Ramal e coletor estão no projeto hidrossanitário, não disponível.;SAN-SS-LAVP-002
T-HID-SS-LAVP-002;HID-AQ;"3/4""";N-HID-SS-LAVP-002-D;N-HID-SS-LAVP-002;19,524;7,491;-0,02;19,524;7,491;-0,12;0,1;;0;vertical, embutido na parede, de 2.85 m até 2.75 m do piso;INFERIDO;Traçado não desenhado na prancha de pontos: descida vertical embutida na parede, do ponto até a distribuição adotada a 2.85 m sobre o piso (acima do ponto mais alto cotado, aquecedores a 2,75 m). A rede de distribuição está no projeto hidrossanitário, não disponível.;HID-SS-LAVP-002
T-SAN-SS-COZ-016;SAN-ESG;"1.1/2""";N-SAN-SS-COZ-016;N-SAN-SS-COZ-016-E;5,376;7,466;-2,32;5,376;7,466;-3,17;0,85;;0,3;vertical, na parede a partir de 0.55 m e enterrado até 0.30 m sob o piso;INFERIDO;Traçado não desenhado na prancha de pontos: descida vertical do ponto até 0.30 m abaixo do piso acabado, dentro do enchimento entre PA −2,87 e PO −3,44 (0,57 m). Ramal e coletor estão no projeto hidrossanitário, não disponível.;SAN-SS-COZ-016
T-HID-SS-LAVP-003;HID-AF;"3/4""";N-HID-SS-LAVP-003-D;N-HID-SS-LAVP-003;19,321;7,347;-0,02;19,321;7,347;-1,57;1,55;;0;vertical, embutido na parede, de 2.85 m até 1.30 m do piso;INFERIDO;Traçado não desenhado na prancha de pontos: descida vertical embutida na parede, do ponto até a distribuição adotada a 2.85 m sobre o piso (acima do ponto mais alto cotado, aquecedores a 2,75 m). A rede de distribuição está no projeto hidrossanitário, não disponível.;HID-SS-LAVP-003
T-HID-SS-LAVP-004;HID-AQ;"3/4""";N-HID-SS-LAVP-004-D;N-HID-SS-LAVP-004;19,524;7,347;-0,02;19,524;7,347;-1,57;1,55;;0;vertical, embutido na parede, de 2.85 m até 1.30 m do piso;INFERIDO;Traçado não desenhado na prancha de pontos: descida vertical embutida na parede, do ponto até a distribuição adotada a 2.85 m sobre o piso (acima do ponto mais alto cotado, aquecedores a 2,75 m). A rede de distribuição está no projeto hidrossanitário, não disponível.;HID-SS-LAVP-004
T-HID-SS-LAVP-005;HID-AF;"3/4""";N-HID-SS-LAVP-005-D;N-HID-SS-LAVP-005;20,125;7,347;-0,02;20,125;7,347;-1,57;1,55;;0;vertical, embutido na parede, de 2.85 m até 1.30 m do piso;INFERIDO;Traçado não desenhado na prancha de pontos: descida vertical embutida na parede, do ponto até a distribuição adotada a 2.85 m sobre o piso (acima do ponto mais alto cotado, aquecedores a 2,75 m). A rede de distribuição está no projeto hidrossanitário, não disponível.;HID-SS-LAVP-005
T-HID-SS-LAVP-006;HID-AQ;"3/4""";N-HID-SS-LAVP-006-D;N-HID-SS-LAVP-006;20,321;7,347;-0,02;20,321;7,347;-1,57;1,55;;0;vertical, embutido na parede, de 2.85 m até 1.30 m do piso;INFERIDO;Traçado não desenhado na prancha de pontos: descida vertical embutida na parede, do ponto até a distribuição adotada a 2.85 m sobre o piso (acima do ponto mais alto cotado, aquecedores a 2,75 m). A rede de distribuição está no projeto hidrossanitário, não disponível.;HID-SS-LAVP-006
T-HID-SS-LAVP-007;HID-AF;"3/4""";N-HID-SS-LAVP-007-D;N-HID-SS-LAVP-007;20,566;7,347;-0,02;20,566;7,347;-1,57;1,55;;0;vertical, embutido na parede, de 2.85 m até 1.30 m do piso;INFERIDO;Traçado não desenhado na prancha de pontos: descida vertical embutida na parede, do ponto até a distribuição adotada a 2.85 m sobre o piso (acima do ponto mais alto cotado, aquecedores a 2,75 m). A rede de distribuição está no projeto hidrossanitário, não disponível.;HID-SS-LAVP-007
T-HID-SS-GELO-002;HID-AF;"3/4""";N-HID-SS-GELO-002-D;N-HID-SS-GELO-002;21,735;7,347;-0,02;21,735;7,347;-1,87;1,85;;0;vertical, embutido na parede, de 2.85 m até 1.00 m do piso;INFERIDO;Traçado não desenhado na prancha de pontos: descida vertical embutida na parede, do ponto até a distribuição adotada a 2.85 m sobre o piso (acima do ponto mais alto cotado, aquecedores a 2,75 m). A rede de distribuição está no projeto hidrossanitário, não disponível.;HID-SS-GELO-002
T-HID-SS-LAVP-008;HID-AF;"3/4""";N-HID-SS-LAVP-008-D;N-HID-SS-LAVP-008;18,423;7,338;-0,02;18,423;7,338;-0,57;0,55;;0;vertical, embutido na parede, de 2.85 m até 2.30 m do piso;INFERIDO;Traçado não desenhado na prancha de pontos: descida vertical embutida na parede, do ponto até a distribuição adotada a 2.85 m sobre o piso (acima do ponto mais alto cotado, aquecedores a 2,75 m). A rede de distribuição está no projeto hidrossanitário, não disponível.;HID-SS-LAVP-008
T-HID-SS-COZ-011;HID-AF;"3/4""";N-HID-SS-COZ-011-D;N-HID-SS-COZ-011;14,11;7,321;-0,02;14,11;7,321;-1,67;1,65;;0;vertical, embutido na parede, de 2.85 m até 1.20 m do piso;INFERIDO;Traçado não desenhado na prancha de pontos: descida vertical embutida na parede, do ponto até a distribuição adotada a 2.85 m sobre o piso (acima do ponto mais alto cotado, aquecedores a 2,75 m). A rede de distribuição está no projeto hidrossanitário, não disponível.;HID-SS-COZ-011
T-HID-SS-COZ-012;HID-AF;"3/4""";N-HID-SS-COZ-012-D;N-HID-SS-COZ-012;5,274;7,313;-0,02;5,274;7,313;-2,27;2,25;;0;vertical, embutido na parede, de 2.85 m até 0.60 m do piso;INFERIDO;Traçado não desenhado na prancha de pontos: descida vertical embutida na parede, do ponto até a distribuição adotada a 2.85 m sobre o piso (acima do ponto mais alto cotado, aquecedores a 2,75 m). A rede de distribuição está no projeto hidrossanitário, não disponível.;HID-SS-COZ-012
T-HID-SS-COZ-013;HID-AF;"3/4""";N-HID-SS-COZ-013-D;N-HID-SS-COZ-013;10,298;7,313;-0,02;10,298;7,313;-1,67;1,65;;0;vertical, embutido na parede, de 2.85 m até 1.20 m do piso;INFERIDO;Traçado não desenhado na prancha de pontos: descida vertical embutida na parede, do ponto até a distribuição adotada a 2.85 m sobre o piso (acima do ponto mais alto cotado, aquecedores a 2,75 m). A rede de distribuição está no projeto hidrossanitário, não disponível.;HID-SS-COZ-013
T-SAN-SS-REF-005;SAN-ESG;"2""";N-SAN-SS-REF-005;N-SAN-SS-REF-005-E;-5,032;6,004;-2,87;-5,032;6,004;-3,17;0,3;;0,3;vertical, enterrado até 0.30 m sob o piso;INFERIDO;Traçado não desenhado na prancha de pontos: descida vertical do ponto até 0.30 m abaixo do piso acabado, dentro do enchimento entre PA −2,87 e PO −3,44 (0,57 m). Ramal e coletor estão no projeto hidrossanitário, não disponível.;SAN-SS-REF-005
T-HID-SS-CIRC-001;HID-AF;"3/4""";N-HID-SS-CIRC-001-D;N-HID-SS-CIRC-001;-4,117;5,979;-0,02;-4,117;5,979;-1,67;1,65;;0;vertical, embutido na parede, de 2.85 m até 1.20 m do piso;INFERIDO;Traçado não desenhado na prancha de pontos: descida vertical embutida na parede, do ponto até a distribuição adotada a 2.85 m sobre o piso (acima do ponto mais alto cotado, aquecedores a 2,75 m). A rede de distribuição está no projeto hidrossanitário, não disponível.;HID-SS-CIRC-001
T-SAN-SS-CIRC-001;SAN-ESG;"2""";N-SAN-SS-CIRC-001;N-SAN-SS-CIRC-001-E;1,576;5,623;-2,87;1,576;5,623;-3,17;0,3;;0,3;vertical, enterrado até 0.30 m sob o piso;INFERIDO;Traçado não desenhado na prancha de pontos: descida vertical do ponto até 0.30 m abaixo do piso acabado, dentro do enchimento entre PA −2,87 e PO −3,44 (0,57 m). Ramal e coletor estão no projeto hidrossanitário, não disponível.;SAN-SS-CIRC-001
T-SAN-SS-CIRC-002;SAN-ESG;"2""";N-SAN-SS-CIRC-002;N-SAN-SS-CIRC-002-E;18,139;5,623;-2,87;18,139;5,623;-3,17;0,3;;0,3;vertical, enterrado até 0.30 m sob o piso;INFERIDO;Traçado não desenhado na prancha de pontos: descida vertical do ponto até 0.30 m abaixo do piso acabado, dentro do enchimento entre PA −2,87 e PO −3,44 (0,57 m). Ramal e coletor estão no projeto hidrossanitário, não disponível.;SAN-SS-CIRC-002
T-SAN-SS-CIRC-003;SAN-ESG;"2""";N-SAN-SS-CIRC-003;N-SAN-SS-CIRC-003-E;-4,007;5,563;-2,87;-4,007;5,563;-3,17;0,3;;0,3;vertical, enterrado até 0.30 m sob o piso;INFERIDO;Traçado não desenhado na prancha de pontos: descida vertical do ponto até 0.30 m abaixo do piso acabado, dentro do enchimento entre PA −2,87 e PO −3,44 (0,57 m). Ramal e coletor estão no projeto hidrossanitário, não disponível.;SAN-SS-CIRC-003
T-HID-SS-PCAR-001;HID-AF;"3/4""";N-HID-SS-PCAR-001-D;N-HID-SS-PCAR-001;10,9;5,085;-0,02;10,9;5,085;-0,57;0,55;;0;vertical, embutido na parede, de 2.85 m até 2.30 m do piso;INFERIDO;Traçado não desenhado na prancha de pontos: descida vertical embutida na parede, do ponto até a distribuição adotada a 2.85 m sobre o piso (acima do ponto mais alto cotado, aquecedores a 2,75 m). A rede de distribuição está no projeto hidrossanitário, não disponível.;HID-SS-PCAR-001
T-HID-SS-PCAR-002;HID-AF;"3/4""";N-HID-SS-PCAR-002-D;N-HID-SS-PCAR-002;10,891;4,941;-0,02;10,891;4,941;-2,27;2,25;;0;vertical, embutido na parede, de 2.85 m até 0.60 m do piso;INFERIDO;Traçado não desenhado na prancha de pontos: descida vertical embutida na parede, do ponto até a distribuição adotada a 2.85 m sobre o piso (acima do ponto mais alto cotado, aquecedores a 2,75 m). A rede de distribuição está no projeto hidrossanitário, não disponível.;HID-SS-PCAR-002
T-HID-SS-PSAL-001;HID-AF;"3/4""";N-HID-SS-PSAL-001-D;N-HID-SS-PSAL-001;7,867;4,932;-0,02;7,867;4,932;-2,27;2,25;;0;vertical, embutido na parede, de 2.85 m até 0.60 m do piso;INFERIDO;Traçado não desenhado na prancha de pontos: descida vertical embutida na parede, do ponto até a distribuição adotada a 2.85 m sobre o piso (acima do ponto mais alto cotado, aquecedores a 2,75 m). A rede de distribuição está no projeto hidrossanitário, não disponível.;HID-SS-PSAL-001
T-SAN-SS-PSAL-001;SAN-ESG;"1.1/2""";N-SAN-SS-PSAL-001;N-SAN-SS-PSAL-001-E;8,019;4,839;-2,32;8,019;4,839;-3,17;0,85;;0,3;vertical, na parede a partir de 0.55 m e enterrado até 0.30 m sob o piso;INFERIDO;Traçado não desenhado na prancha de pontos: descida vertical do ponto até 0.30 m abaixo do piso acabado, dentro do enchimento entre PA −2,87 e PO −3,44 (0,57 m). Ramal e coletor estão no projeto hidrossanitário, não disponível.;SAN-SS-PSAL-001
T-SAN-SS-PCAR-001;SAN-ESG;"1.1/2""";N-SAN-SS-PCAR-001;N-SAN-SS-PCAR-001-E;11,06;4,839;-2,32;11,06;4,839;-3,17;0,85;;0,3;vertical, na parede a partir de 0.55 m e enterrado até 0.30 m sob o piso;INFERIDO;Traçado não desenhado na prancha de pontos: descida vertical do ponto até 0.30 m abaixo do piso acabado, dentro do enchimento entre PA −2,87 e PO −3,44 (0,57 m). Ramal e coletor estão no projeto hidrossanitário, não disponível.;SAN-SS-PCAR-001
T-HID-SS-PCAR-003;HID-AQ;"3/4""";N-HID-SS-PCAR-003-D;N-HID-SS-PCAR-003;10,917;3,992;-0,02;10,917;3,992;-0,12;0,1;;0;vertical, embutido na parede, de 2.85 m até 2.75 m do piso;INFERIDO;Traçado não desenhado na prancha de pontos: descida vertical embutida na parede, do ponto até a distribuição adotada a 2.85 m sobre o piso (acima do ponto mais alto cotado, aquecedores a 2,75 m). A rede de distribuição está no projeto hidrossanitário, não disponível.;HID-SS-PCAR-003
T-HID-SS-PSAL-002;HID-AF;"3/4""";N-HID-SS-PSAL-002-D;N-HID-SS-PSAL-002;7,875;3,06;-0,02;7,875;3,06;-1,67;1,65;;0;vertical, embutido na parede, de 2.85 m até 1.20 m do piso;INFERIDO;Traçado não desenhado na prancha de pontos: descida vertical embutida na parede, do ponto até a distribuição adotada a 2.85 m sobre o piso (acima do ponto mais alto cotado, aquecedores a 2,75 m). A rede de distribuição está no projeto hidrossanitário, não disponível.;HID-SS-PSAL-002
T-SAN-SS-PSAL-002;SAN-ESG;"1.1/2""";N-SAN-SS-PSAL-002;N-SAN-SS-PSAL-002-E;8,189;3,06;-2,42;8,189;3,06;-3,17;0,75;;0,3;vertical, na parede a partir de 0.45 m e enterrado até 0.30 m sob o piso;INFERIDO;Traçado não desenhado na prancha de pontos: descida vertical do ponto até 0.30 m abaixo do piso acabado, dentro do enchimento entre PA −2,87 e PO −3,44 (0,57 m). Ramal e coletor estão no projeto hidrossanitário, não disponível.;SAN-SS-PSAL-002
T-SAN-SS-PSAL-003;SAN-ESG;"2""";N-SAN-SS-PSAL-003;N-SAN-SS-PSAL-003-E;9,226;2,624;-2,87;9,226;2,624;-3,17;0,3;;0,3;vertical, enterrado até 0.30 m sob o piso;INFERIDO;Traçado não desenhado na prancha de pontos: descida vertical do ponto até 0.30 m abaixo do piso acabado, dentro do enchimento entre PA −2,87 e PO −3,44 (0,57 m). Ramal e coletor estão no projeto hidrossanitário, não disponível.;SAN-SS-PSAL-003
T-SAN-SS-PCAR-002;SAN-ESG;"2""";N-SAN-SS-PCAR-002;N-SAN-SS-PCAR-002-E;12,249;2,624;-2,87;12,249;2,624;-3,17;0,3;;0,3;vertical, enterrado até 0.30 m sob o piso;INFERIDO;Traçado não desenhado na prancha de pontos: descida vertical do ponto até 0.30 m abaixo do piso acabado, dentro do enchimento entre PA −2,87 e PO −3,44 (0,57 m). Ramal e coletor estão no projeto hidrossanitário, não disponível.;SAN-SS-PCAR-002
T-SAN-SS-DBEB-001;SAN-ESG;"2""";N-SAN-SS-DBEB-001;N-SAN-SS-DBEB-001-E;25,808;2,624;-2,87;25,808;2,624;-3,17;0,3;;0,3;vertical, enterrado até 0.30 m sob o piso;INFERIDO;Traçado não desenhado na prancha de pontos: descida vertical do ponto até 0.30 m abaixo do piso acabado, dentro do enchimento entre PA −2,87 e PO −3,44 (0,57 m). Ramal e coletor estão no projeto hidrossanitário, não disponível.;SAN-SS-DBEB-001
T-SAN-SS-MFRI-001;SAN-ESG;"2""";N-SAN-SS-MFRI-001;N-SAN-SS-MFRI-001-E;6,261;2,613;-2,87;6,261;2,613;-3,17;0,3;;0,3;vertical, enterrado até 0.30 m sob o piso;INFERIDO;Traçado não desenhado na prancha de pontos: descida vertical do ponto até 0.30 m abaixo do piso acabado, dentro do enchimento entre PA −2,87 e PO −3,44 (0,57 m). Ramal e coletor estão no projeto hidrossanitário, não disponível.;SAN-SS-MFRI-001
T-HID-SS-PCAR-004;HID-AF;"3/4""";N-HID-SS-PCAR-004-D;N-HID-SS-PCAR-004;10,917;2,407;-0,02;10,917;2,407;-1,67;1,65;;0;vertical, embutido na parede, de 2.85 m até 1.20 m do piso;INFERIDO;Traçado não desenhado na prancha de pontos: descida vertical embutida na parede, do ponto até a distribuição adotada a 2.85 m sobre o piso (acima do ponto mais alto cotado, aquecedores a 2,75 m). A rede de distribuição está no projeto hidrossanitário, não disponível.;HID-SS-PCAR-004
T-HID-SS-PSAL-003;HID-AF;"3/4""";N-HID-SS-PSAL-003-D;N-HID-SS-PSAL-003;7,867;2,365;-0,02;7,867;2,365;-1,67;1,65;;0;vertical, embutido na parede, de 2.85 m até 1.20 m do piso;INFERIDO;Traçado não desenhado na prancha de pontos: descida vertical embutida na parede, do ponto até a distribuição adotada a 2.85 m sobre o piso (acima do ponto mais alto cotado, aquecedores a 2,75 m). A rede de distribuição está no projeto hidrossanitário, não disponível.;HID-SS-PSAL-003
T-SAN-SS-PSAL-004;SAN-ESG;"1.1/2""";N-SAN-SS-PSAL-004;N-SAN-SS-PSAL-004-E;8,189;2,357;-2,42;8,189;2,357;-3,17;0,75;;0,3;vertical, na parede a partir de 0.45 m e enterrado até 0.30 m sob o piso;INFERIDO;Traçado não desenhado na prancha de pontos: descida vertical do ponto até 0.30 m abaixo do piso acabado, dentro do enchimento entre PA −2,87 e PO −3,44 (0,57 m). Ramal e coletor estão no projeto hidrossanitário, não disponível.;SAN-SS-PSAL-004
T-SAN-SS-PCAR-003;SAN-ESG;"1.1/2""";N-SAN-SS-PCAR-003;N-SAN-SS-PCAR-003-E;11,222;2,306;-2,42;11,222;2,306;-3,17;0,75;;0,3;vertical, na parede a partir de 0.45 m e enterrado até 0.30 m sob o piso;INFERIDO;Traçado não desenhado na prancha de pontos: descida vertical do ponto até 0.30 m abaixo do piso acabado, dentro do enchimento entre PA −2,87 e PO −3,44 (0,57 m). Ramal e coletor estão no projeto hidrossanitário, não disponível.;SAN-SS-PCAR-003
T-HID-SS-PCAR-005;HID-AQ;"3/4""";N-HID-SS-PCAR-005-D;N-HID-SS-PCAR-005;10,917;2,204;-0,02;10,917;2,204;-1,67;1,65;;0;vertical, embutido na parede, de 2.85 m até 1.20 m do piso;INFERIDO;Traçado não desenhado na prancha de pontos: descida vertical embutida na parede, do ponto até a distribuição adotada a 2.85 m sobre o piso (acima do ponto mais alto cotado, aquecedores a 2,75 m). A rede de distribuição está no projeto hidrossanitário, não disponível.;HID-SS-PCAR-005
T-HID-SS-PCAR-006;HID-AF;"3/4""";N-HID-SS-PCAR-006-D;N-HID-SS-PCAR-006;10,917;1,797;-0,02;10,917;1,797;-1,67;1,65;;0;vertical, embutido na parede, de 2.85 m até 1.20 m do piso;INFERIDO;Traçado não desenhado na prancha de pontos: descida vertical embutida na parede, do ponto até a distribuição adotada a 2.85 m sobre o piso (acima do ponto mais alto cotado, aquecedores a 2,75 m). A rede de distribuição está no projeto hidrossanitário, não disponível.;HID-SS-PCAR-006
T-SAN-SS-PCAR-004;SAN-ESG;"1.1/2""";N-SAN-SS-PCAR-004;N-SAN-SS-PCAR-004-E;11,23;1,705;-2,42;11,23;1,705;-3,17;0,75;;0,3;vertical, na parede a partir de 0.45 m e enterrado até 0.30 m sob o piso;INFERIDO;Traçado não desenhado na prancha de pontos: descida vertical do ponto até 0.30 m abaixo do piso acabado, dentro do enchimento entre PA −2,87 e PO −3,44 (0,57 m). Ramal e coletor estão no projeto hidrossanitário, não disponível.;SAN-SS-PCAR-004
T-HID-SS-PCAR-007;HID-AQ;"3/4""";N-HID-SS-PCAR-007-D;N-HID-SS-PCAR-007;10,917;1,603;-0,02;10,917;1,603;-1,67;1,65;;0;vertical, embutido na parede, de 2.85 m até 1.20 m do piso;INFERIDO;Traçado não desenhado na prancha de pontos: descida vertical embutida na parede, do ponto até a distribuição adotada a 2.85 m sobre o piso (acima do ponto mais alto cotado, aquecedores a 2,75 m). A rede de distribuição está no projeto hidrossanitário, não disponível.;HID-SS-PCAR-007
T-SAN-SS-PSAL-005;SAN-ESG;"2""";N-SAN-SS-PSAL-005;N-SAN-SS-PSAL-005-E;8,167;0,594;-2,87;8,167;0,594;-3,17;0,3;;0,3;vertical, enterrado até 0.30 m sob o piso;INFERIDO;Traçado não desenhado na prancha de pontos: descida vertical do ponto até 0.30 m abaixo do piso acabado, dentro do enchimento entre PA −2,87 e PO −3,44 (0,57 m). Ramal e coletor estão no projeto hidrossanitário, não disponível.;SAN-SS-PSAL-005
T-SAN-SS-GAL-001;SAN-ESG;"2""";N-SAN-SS-GAL-001;N-SAN-SS-GAL-001-E;17,261;-0,301;-2,87;17,261;-0,301;-3,17;0,3;;0,3;vertical, enterrado até 0.30 m sob o piso;INFERIDO;Traçado não desenhado na prancha de pontos: descida vertical do ponto até 0.30 m abaixo do piso acabado, dentro do enchimento entre PA −2,87 e PO −3,44 (0,57 m). Ramal e coletor estão no projeto hidrossanitário, não disponível.;SAN-SS-GAL-001
T-SAN-SS-GAL-002;SAN-ESG;"2""";N-SAN-SS-GAL-002;N-SAN-SS-GAL-002-E;2,398;-0,314;-2,87;2,398;-0,314;-3,17;0,3;;0,3;vertical, enterrado até 0.30 m sob o piso;INFERIDO;Traçado não desenhado na prancha de pontos: descida vertical do ponto até 0.30 m abaixo do piso acabado, dentro do enchimento entre PA −2,87 e PO −3,44 (0,57 m). Ramal e coletor estão no projeto hidrossanitário, não disponível.;SAN-SS-GAL-002
T-DRE-SS-CSP1-001;DRE;"1""";N-DRE-SS-CSP1-001;N-DRE-SS-CSP1-001-B;1,852;0,281;-1,27;1,852;0,281;-2,741;1,471;;0;vertical, na parede da câmara, de 1,80 m até 0.33 m do piso;INFERIDO;"Destino do dreno não indicado: ligado ao ralo sifonado da galeria técnica mais próximo (SAN-SS-GAL-002), para onde converge o traço do desenho; queda vertical junto à parede da câmara e trecho horizontal com caimento de 2% (faixa adotada 2–5% para Ø<100).";DRE-SS-CSP1-001
T-DRE-SS-CSP1-002;DRE;"1""";N-DRE-SS-CSP1-001-B;N-DRE-SS-CSP1-001-C;1,852;0,281;-2,741;1,852;-0,314;-2,756;0,595;2,52;0;horizontal, atravessa a parede da câmara para a galeria;INFERIDO;"Destino do dreno não indicado: ligado ao ralo sifonado da galeria técnica mais próximo (SAN-SS-GAL-002), para onde converge o traço do desenho; queda vertical junto à parede da câmara e trecho horizontal com caimento de 2% (faixa adotada 2–5% para Ø<100).";
T-DRE-SS-GAL-001;DRE;"1""";N-DRE-SS-CSP1-001-C;N-DRE-SS-CSP1-001-R;1,852;-0,314;-2,756;2,398;-0,314;-2,77;0,546;2,56;0;horizontal, na galeria técnica até o ralo;INFERIDO;"Destino do dreno não indicado: ligado ao ralo sifonado da galeria técnica mais próximo (SAN-SS-GAL-002), para onde converge o traço do desenho; queda vertical junto à parede da câmara e trecho horizontal com caimento de 2% (faixa adotada 2–5% para Ø<100).";
T-DRE-SS-GAL-002;DRE;"1""";N-DRE-SS-CSP1-001-R;N-SAN-SS-GAL-002;2,398;-0,314;-2,77;2,398;-0,314;-2,87;0,1;;0;descarga livre sobre o ralo sifonado;INFERIDO;"Destino do dreno não indicado: ligado ao ralo sifonado da galeria técnica mais próximo (SAN-SS-GAL-002), para onde converge o traço do desenho; queda vertical junto à parede da câmara e trecho horizontal com caimento de 2% (faixa adotada 2–5% para Ø<100).";SAN-SS-GAL-002
T-DRE-SS-CSP2-001;DRE;"1""";N-DRE-SS-CSP2-001;N-DRE-SS-CSP2-001-B;2,953;0,281;-1,27;2,953;0,281;-2,741;1,471;;0;vertical, na parede da câmara, de 1,80 m até 0.33 m do piso;INFERIDO;"Destino do dreno não indicado: ligado ao ralo sifonado da galeria técnica mais próximo (SAN-SS-GAL-002), para onde converge o traço do desenho; queda vertical junto à parede da câmara e trecho horizontal com caimento de 2% (faixa adotada 2–5% para Ø<100).";DRE-SS-CSP2-001
T-DRE-SS-CSP2-002;DRE;"1""";N-DRE-SS-CSP2-001-B;N-DRE-SS-CSP2-001-C;2,953;0,281;-2,741;2,953;-0,314;-2,756;0,595;2,52;0;horizontal, atravessa a parede da câmara para a galeria;INFERIDO;"Destino do dreno não indicado: ligado ao ralo sifonado da galeria técnica mais próximo (SAN-SS-GAL-002), para onde converge o traço do desenho; queda vertical junto à parede da câmara e trecho horizontal com caimento de 2% (faixa adotada 2–5% para Ø<100).";
T-DRE-SS-GAL-003;DRE;"1""";N-DRE-SS-CSP2-001-C;N-DRE-SS-CSP2-001-R;2,953;-0,314;-2,756;2,398;-0,314;-2,77;0,555;2,52;0;horizontal, na galeria técnica até o ralo;INFERIDO;"Destino do dreno não indicado: ligado ao ralo sifonado da galeria técnica mais próximo (SAN-SS-GAL-002), para onde converge o traço do desenho; queda vertical junto à parede da câmara e trecho horizontal com caimento de 2% (faixa adotada 2–5% para Ø<100).";
T-DRE-SS-GAL-004;DRE;"1""";N-DRE-SS-CSP2-001-R;N-SAN-SS-GAL-002;2,398;-0,314;-2,77;2,398;-0,314;-2,87;0,1;;0;descarga livre sobre o ralo sifonado;INFERIDO;"Destino do dreno não indicado: ligado ao ralo sifonado da galeria técnica mais próximo (SAN-SS-GAL-002), para onde converge o traço do desenho; queda vertical junto à parede da câmara e trecho horizontal com caimento de 2% (faixa adotada 2–5% para Ø<100).";SAN-SS-GAL-002
T-DRE-SS-CRES-001;DRE;"1""";N-DRE-SS-CRES-001;N-DRE-SS-CRES-001-B;15,669;0,281;-1,27;15,669;0,281;-2,716;1,446;;0;vertical, na parede da câmara, de 1,80 m até 0.35 m do piso;INFERIDO;"Destino do dreno não indicado: ligado ao ralo sifonado da galeria técnica mais próximo (SAN-SS-GAL-001), para onde converge o traço do desenho; queda vertical junto à parede da câmara e trecho horizontal com caimento de 2% (faixa adotada 2–5% para Ø<100).";DRE-SS-CRES-001
T-DRE-SS-CRES-002;DRE;"1""";N-DRE-SS-CRES-001-B;N-DRE-SS-CRES-001-C;15,669;0,281;-2,716;15,669;-0,301;-2,73;0,582;2,41;0;horizontal, atravessa a parede da câmara para a galeria;INFERIDO;"Destino do dreno não indicado: ligado ao ralo sifonado da galeria técnica mais próximo (SAN-SS-GAL-001), para onde converge o traço do desenho; queda vertical junto à parede da câmara e trecho horizontal com caimento de 2% (faixa adotada 2–5% para Ø<100).";
T-DRE-SS-GAL-005;DRE;"1""";N-DRE-SS-CRES-001-C;N-DRE-SS-CRES-001-R;15,669;-0,301;-2,73;17,261;-0,301;-2,77;1,593;2,51;0;horizontal, na galeria técnica até o ralo;INFERIDO;"Destino do dreno não indicado: ligado ao ralo sifonado da galeria técnica mais próximo (SAN-SS-GAL-001), para onde converge o traço do desenho; queda vertical junto à parede da câmara e trecho horizontal com caimento de 2% (faixa adotada 2–5% para Ø<100).";
T-DRE-SS-GAL-006;DRE;"1""";N-DRE-SS-CRES-001-R;N-SAN-SS-GAL-001;17,261;-0,301;-2,77;17,261;-0,301;-2,87;0,1;;0;descarga livre sobre o ralo sifonado;INFERIDO;"Destino do dreno não indicado: ligado ao ralo sifonado da galeria técnica mais próximo (SAN-SS-GAL-001), para onde converge o traço do desenho; queda vertical junto à parede da câmara e trecho horizontal com caimento de 2% (faixa adotada 2–5% para Ø<100).";SAN-SS-GAL-001
T-DRE-SS-CHF-001;DRE;"1""";N-DRE-SS-CHF-001;N-DRE-SS-CHF-001-B;17,872;0,281;-1,27;17,872;0,281;-2,74;1,47;;0;vertical, na parede da câmara, de 1,80 m até 0.33 m do piso;INFERIDO;"Destino do dreno não indicado: ligado ao ralo sifonado da galeria técnica mais próximo (SAN-SS-GAL-001), para onde converge o traço do desenho; queda vertical junto à parede da câmara e trecho horizontal com caimento de 2% (faixa adotada 2–5% para Ø<100).";DRE-SS-CHF-001
T-DRE-SS-CHF-002;DRE;"1""";N-DRE-SS-CHF-001-B;N-DRE-SS-CHF-001-C;17,872;0,281;-2,74;17,872;-0,301;-2,755;0,582;2,58;0;horizontal, atravessa a parede da câmara para a galeria;INFERIDO;"Destino do dreno não indicado: ligado ao ralo sifonado da galeria técnica mais próximo (SAN-SS-GAL-001), para onde converge o traço do desenho; queda vertical junto à parede da câmara e trecho horizontal com caimento de 2% (faixa adotada 2–5% para Ø<100).";
T-DRE-SS-GAL-007;DRE;"1""";N-DRE-SS-CHF-001-C;N-DRE-SS-CHF-001-R;17,872;-0,301;-2,755;17,261;-0,301;-2,77;0,611;2,45;0;horizontal, na galeria técnica até o ralo;INFERIDO;"Destino do dreno não indicado: ligado ao ralo sifonado da galeria técnica mais próximo (SAN-SS-GAL-001), para onde converge o traço do desenho; queda vertical junto à parede da câmara e trecho horizontal com caimento de 2% (faixa adotada 2–5% para Ø<100).";
T-DRE-SS-GAL-008;DRE;"1""";N-DRE-SS-CHF-001-R;N-SAN-SS-GAL-001;17,261;-0,301;-2,77;17,261;-0,301;-2,87;0,1;;0;descarga livre sobre o ralo sifonado;INFERIDO;"Destino do dreno não indicado: ligado ao ralo sifonado da galeria técnica mais próximo (SAN-SS-GAL-001), para onde converge o traço do desenho; queda vertical junto à parede da câmara e trecho horizontal com caimento de 2% (faixa adotada 2–5% para Ø<100).";SAN-SS-GAL-001
T-DRE-SS-CCON-001;DRE;"1""";N-DRE-SS-CCON-001;N-DRE-SS-CCON-001-B;20,075;0,281;-1,27;20,075;0,281;-2,685;1,415;;0;vertical, na parede da câmara, de 1,80 m até 0.38 m do piso;INFERIDO;"Destino do dreno não indicado: ligado ao ralo sifonado da galeria técnica mais próximo (SAN-SS-GAL-001), para onde converge o traço do desenho; queda vertical junto à parede da câmara e trecho horizontal com caimento de 2% (faixa adotada 2–5% para Ø<100).";DRE-SS-CCON-001
T-DRE-SS-CCON-002;DRE;"1""";N-DRE-SS-CCON-001-B;N-DRE-SS-CCON-001-C;20,075;0,281;-2,685;20,075;-0,301;-2,7;0,582;2,58;0;horizontal, atravessa a parede da câmara para a galeria;INFERIDO;"Destino do dreno não indicado: ligado ao ralo sifonado da galeria técnica mais próximo (SAN-SS-GAL-001), para onde converge o traço do desenho; queda vertical junto à parede da câmara e trecho horizontal com caimento de 2% (faixa adotada 2–5% para Ø<100).";
T-DRE-SS-GAL-009;DRE;"1""";N-DRE-SS-CCON-001-C;N-DRE-SS-CCON-001-R;20,075;-0,301;-2,7;17,261;-0,301;-2,77;2,815;2,49;0;horizontal, na galeria técnica até o ralo;INFERIDO;"Destino do dreno não indicado: ligado ao ralo sifonado da galeria técnica mais próximo (SAN-SS-GAL-001), para onde converge o traço do desenho; queda vertical junto à parede da câmara e trecho horizontal com caimento de 2% (faixa adotada 2–5% para Ø<100).";
T-DRE-SS-GAL-010;DRE;"1""";N-DRE-SS-CCON-001-R;N-SAN-SS-GAL-001;17,261;-0,301;-2,77;17,261;-0,301;-2,87;0,1;;0;descarga livre sobre o ralo sifonado;INFERIDO;"Destino do dreno não indicado: ligado ao ralo sifonado da galeria técnica mais próximo (SAN-SS-GAL-001), para onde converge o traço do desenho; queda vertical junto à parede da câmara e trecho horizontal com caimento de 2% (faixa adotada 2–5% para Ø<100).";SAN-SS-GAL-001
